,EntryID,Code,group_id,color_code,num_edges
0,5_dollars,B_01_062,0,#ad66cc,0
1,afternoon,J_01_040,0,#ad66cc,0
2,all_of_sudden,H_01_96,0,#ad66cc,0
3,basketball,A_03_045,0,#ad66cc,0
4,baster_1,G_03_53,0,#ad66cc,0
5,beg,F_02_37,0,#ad66cc,6
6,blue,C_02_062,0,#ad66cc,0
7,bottom_2,F_01_66,0,#ad66cc,2
8,butterfly,A_03_056,0,#ad66cc,0
9,bye,E_01_58,0,#ad66cc,2
10,channel,C_03_023,0,#ad66cc,0
11,dent,H_02_30,0,#ad66cc,1
12,dont_want,E_02_14,0,#ad66cc,0
13,faucet,D_01_065,0,#ad66cc,0
14,fifth,J_03_046,0,#ad66cc,0
15,finish,B_03_025,0,#ad66cc,0
16,fourth,H_03_4,0,#ad66cc,1
17,germany,D_02_088,0,#ad66cc,6
18,hold_hands,H_02_75,0,#ad66cc,1
19,hypocrite,F_03_24,0,#ad66cc,19
20,keyboard,B_03_070,0,#ad66cc,6
21,lamp,D_03_037,0,#ad66cc,2
22,late,C_01_013,0,#ad66cc,3
23,lobster,D_01_072,0,#ad66cc,9
24,meeting,C_03_082,0,#ad66cc,2
25,milk,A_01_051,0,#ad66cc,0
26,not_yet,D_01_044,0,#ad66cc,2
27,produce_sign,J_03_051,0,#ad66cc,1
28,saxophone,G_03_15,0,#ad66cc,0
29,third_1,F_02_88,0,#ad66cc,1
30,tickle,H_01_73,0,#ad66cc,4
31,tree,A_01_002,0,#ad66cc,3
32,WAIT,B_02_016,0,#ad66cc,3
33,WASH_MACHINE,C_02_057,0,#ad66cc,0
34,9_oclock,C_02_080,92,#b951e2,1
35,cannon,G_02_37,92,#b951e2,0
36,clock,D_02_076,92,#b951e2,1
37,temptation,C_01_082,92,#b951e2,0
38,time,B_02_080,92,#b951e2,2
39,a_little_bit,H_03_25,10,#f9ffa8,2
40,agency,H_01_44,10,#f9ffa8,1
41,alphabet,B_02_024,10,#f9ffa8,48
42,any,G_01_16,10,#f9ffa8,6
43,anyone,H_01_59,10,#f9ffa8,3
44,april,H_02_70,10,#f9ffa8,0
45,arrest_1,H_03_74,10,#f9ffa8,0
46,athlete,J_03_068,10,#f9ffa8,6
47,challenge,B_03_051,10,#f9ffa8,1
48,continue,D_03_032,10,#f9ffa8,6
49,dig_up,G_02_19,10,#f9ffa8,7
50,each_other,H_02_76,10,#f9ffa8,3
51,everything,F_03_84,10,#f9ffa8,6
52,follow,G_01_58,10,#f9ffa8,20
53,game,C_03_047,10,#f9ffa8,0
54,gun,D_02_046,10,#f9ffa8,6
55,hot_competition,E_01_26,10,#f9ffa8,7
56,jigsaw_puzzle,C_02_084,10,#f9ffa8,11
57,knock,F_01_42,10,#f9ffa8,1
58,lighter,D_02_025,10,#f9ffa8,4
59,other,B_02_043,10,#f9ffa8,5
60,pass,H_03_33,10,#f9ffa8,11
61,persistent,E_01_78,10,#f9ffa8,6
62,pliers,D_01_032,10,#f9ffa8,10
63,race,F_02_75,10,#f9ffa8,0
64,remote_control,B_03_004,10,#f9ffa8,5
65,science,A_02_011,10,#f9ffa8,0
66,scientist,A_01_020,10,#f9ffa8,1
67,shape,F_01_5,10,#f9ffa8,5
68,sports,C_03_035,10,#f9ffa8,1
69,stapler,G_02_5,10,#f9ffa8,0
70,stopwatch,F_01_67,10,#f9ffa8,1
71,text,B_03_054,10,#f9ffa8,1
72,uncertain(ambivalent),H_02_20,10,#f9ffa8,1
73,videogame,H_01_91,10,#f9ffa8,11
74,wash,E_01_33,10,#f9ffa8,0
75,WHICH,B_01_088,10,#f9ffa8,3
76,without,H_03_21,10,#f9ffa8,0
77,about_1,B_02_072,90,#54e554,0
78,WHEN,C_03_086,90,#54e554,0
79,absolutely_nothing,J_01_027,166,#aa1128,0
80,dont_care,G_03_82,166,#aa1128,11
81,feed,G_03_58,166,#aa1128,1
82,kiss_2,E_03_88,166,#aa1128,0
83,access,H_02_86,148,#af1548,0
84,excuse,D_03_052,148,#af1548,0
85,accident,B_02_059,33,#e577c6,3
86,adopt,J_03_014,33,#e577c6,8
87,and,B_03_072,33,#e577c6,0
88,bloom,G_03_14,33,#e577c6,0
89,bright,F_03_28,33,#e577c6,1
90,burn,J_02_037,33,#e577c6,2
91,car_accident,E_03_29,33,#e577c6,0
92,catch,G_02_33,33,#e577c6,4
93,catch_2,J_01_073,33,#e577c6,1
94,catch_3,H_03_15,33,#e577c6,4
95,chew_2(5),J_02_027,33,#e577c6,1
96,clear,D_01_006,33,#e577c6,0
97,climb_ladder,F_01_103,33,#e577c6,0
98,confident,D_02_035,33,#e577c6,1
99,dissolve,J_03_081,33,#e577c6,3
100,drag,J_02_039,33,#e577c6,5
101,drawer,A_01_082,33,#e577c6,2
102,dresser,F_03_75,33,#e577c6,0
103,explode,H_01_53,33,#e577c6,0
104,fade,J_02_053,33,#e577c6,0
105,get,B_03_007,33,#e577c6,6
106,habit,E_03_67,33,#e577c6,9
107,hold,F_02_80,33,#e577c6,0
108,hold_together,E_02_3,33,#e577c6,2
109,hotdog,B_03_067,33,#e577c6,0
110,mean_1,B_02_069,33,#e577c6,0
111,obvious,E_03_56,33,#e577c6,0
112,outside,E_03_71,33,#e577c6,5
113,recite,J_02_078,33,#e577c6,4
114,sausage,F_03_88,33,#e577c6,1
115,send,E_02_9,33,#e577c6,0
116,smooth,H_02_101,33,#e577c6,0
117,sow,H_01_75,33,#e577c6,7
118,speakers,B_01_076,33,#e577c6,1
119,spill,G_01_37,33,#e577c6,0
120,spread,G_03_12,33,#e577c6,45
121,squeeze,H_03_19,33,#e577c6,0
122,starbucks,B_03_010,33,#e577c6,19
123,summarize,D_03_041,33,#e577c6,0
124,take,G_01_93,33,#e577c6,4
125,total,H_01_71,33,#e577c6,0
126,udder,F_02_84,33,#e577c6,0
127,WET,B_02_065,33,#e577c6,2
128,wring,H_01_29,33,#e577c6,1
129,accomplish,C_02_085,123,#bddd54,3
130,finally,D_01_012,123,#bddd54,0
131,accordion,F_02_48,26,#e5c880,1
132,bag,A_01_064,26,#e5c880,22
133,baseball,A_03_043,26,#e5c880,0
134,bat_2,E_01_21,26,#e5c880,1
135,bat_3,F_02_28,26,#e5c880,3
136,beat,D_03_020,26,#e5c880,26
137,bicycle,D_02_026,26,#e5c880,0
138,boxing,F_03_50,26,#e5c880,27
139,break,D_01_069,26,#e5c880,2
140,bridesmaid,A_03_016,26,#e5c880,0
141,can,D_03_027,26,#e5c880,0
142,canoe,D_01_045,26,#e5c880,0
143,car,D_02_043,26,#e5c880,0
144,cheerleader,H_02_45,26,#e5c880,0
145,churn,E_01_46,26,#e5c880,1
146,create,D_03_076,26,#e5c880,0
147,defeat_2,G_03_90,26,#e5c880,1
148,dice,D_02_036,26,#e5c880,0
149,dominant,J_01_087,26,#e5c880,2
150,drive,E_02_53,26,#e5c880,1
151,east,D_03_082,26,#e5c880,0
152,evaluate,A_03_015,26,#e5c880,0
153,experiment,H_03_2,26,#e5c880,1
154,fight,B_03_058,26,#e5c880,21
155,freedom(sameasRELEASE),E_02_1,26,#e5c880,2
156,gamble,F_01_51,26,#e5c880,2
157,head_back,H_03_100,26,#e5c880,1
158,hit,F_02_5,26,#e5c880,0
159,lawnmower,B_03_064,26,#e5c880,10
160,make,C_01_032,26,#e5c880,5
161,math,A_03_027,26,#e5c880,4
162,museum,C_01_024,26,#e5c880,0
163,plunger,A_01_087,26,#e5c880,1
164,possible,B_02_005,26,#e5c880,0
165,protest,H_03_26,26,#e5c880,7
166,release(sameasFREEDOM),E_03_59,26,#e5c880,5
167,rescue,H_02_67,26,#e5c880,3
168,resist,G_03_30,26,#e5c880,1
169,row,G_03_47,26,#e5c880,0
170,run_2(fists),J_01_100,26,#e5c880,13
171,safe,G_01_85,26,#e5c880,1
172,saturday,D_01_028,26,#e5c880,0
173,saw,D_03_060,26,#e5c880,0
174,shake_2,F_03_48,26,#e5c880,1
175,shakespeare,J_03_105,26,#e5c880,1
176,shield,E_01_50,26,#e5c880,2
177,shoes,A_02_057,26,#e5c880,5
178,shovel,A_01_088,26,#e5c880,1
179,slave,E_03_94,26,#e5c880,0
180,society,H_01_2,26,#e5c880,9
181,south,C_02_029,26,#e5c880,6
182,structure,H_01_35,26,#e5c880,0
183,submit,H_02_55,26,#e5c880,2
184,support_2,F_03_66,26,#e5c880,5
185,system,H_01_61,26,#e5c880,4
186,TRY,B_02_034,26,#e5c880,9
187,winter,E_03_22,26,#e5c880,0
188,work_out,E_02_92,26,#e5c880,1
189,YEAR,B_02_015,26,#e5c880,7
190,Yes,G_03_74,26,#e5c880,0
191,accountant,A_03_044,62,#f4c497,48
192,alarm,C_01_085,62,#f4c497,3
193,bell,G_02_18,62,#f4c497,0
194,count,G_02_54,62,#f4c497,0
195,design,J_03_104,62,#f4c497,0
196,develop_2,H_01_050,62,#f4c497,0
197,dictionary,F_03_35,62,#f4c497,0
198,finance,F_02_47,62,#f4c497,1
199,highlighter,G_01_20,62,#f4c497,0
200,mosquito_1,H_03_53,62,#f4c497,0
201,pen,E_02_97,62,#f4c497,0
202,score,H_01_60,62,#f4c497,5
203,therapy,H_03_88,62,#f4c497,1
204,WRITE,D_01_051,62,#f4c497,18
205,acquire,H_01_34,19,#e87fa2,0
206,australia,J_03_035,19,#e87fa2,0
207,bend,G_03_31,19,#e87fa2,1
208,bow_2,G_02_63,19,#e87fa2,7
209,brick,H_02_85,19,#e87fa2,0
210,caption,C_02_086,19,#e87fa2,1
211,chain,E_02_55,19,#e87fa2,2
212,comment,H_01_5,19,#e87fa2,1
213,damn,F_01_98,19,#e87fa2,8
214,dart,C_03_029,19,#e87fa2,0
215,deal_cards,J_02_074,19,#e87fa2,0
216,decide_2,D_03_057,19,#e87fa2,0
217,degree,J_01_021,19,#e87fa2,0
218,department,C_02_033,19,#e87fa2,1
219,director,H_01_14,19,#e87fa2,0
220,disconnect,H_01_17,19,#e87fa2,0
221,divorce,C_01_063,19,#e87fa2,3
222,do_do,E_01_96,19,#e87fa2,0
223,donut_2,E_02_48,19,#e87fa2,18
224,download,C_03_046,19,#e87fa2,2
225,drum,A_03_075,19,#e87fa2,0
226,dust,H_03_87,19,#e87fa2,0
227,dye,F_02_92,19,#e87fa2,19
228,eclipse,F_02_15,19,#e87fa2,0
229,edit_2,G_02_57,19,#e87fa2,2
230,explanation,C_02_053,19,#e87fa2,45
231,family,C_01_025,19,#e87fa2,1
232,feedback,J_01_002,19,#e87fa2,0
233,fencing,F_01_83,19,#e87fa2,0
234,find,B_03_076,19,#e87fa2,0
235,fit,E_02_7,19,#e87fa2,0
236,flip_switch(sameasLIGHT_SWITCH),E_01_66,19,#e87fa2,21
237,forfeit,D_02_038,19,#e87fa2,2
238,form,G_03_23,19,#e87fa2,0
239,frame,G_02_34,19,#e87fa2,0
240,france,D_02_078,19,#e87fa2,0
241,free,G_01_27,19,#e87fa2,7
242,french,C_02_022,19,#e87fa2,0
243,frenchfries,A_01_085,19,#e87fa2,10
244,friday,B_02_020,19,#e87fa2,0
245,furniture,C_02_059,19,#e87fa2,0
246,ghost,E_01_32,19,#e87fa2,0
247,glue_2,F_01_96,19,#e87fa2,0
248,hammer,C_02_021,19,#e87fa2,4
249,important,B_01_081,19,#e87fa2,21
250,instagram,H_03_83,19,#e87fa2,0
251,instead,H_01_79,19,#e87fa2,20
252,invisible,G_03_78,19,#e87fa2,0
253,italy,D_02_074,19,#e87fa2,4
254,japan,D_01_046,19,#e87fa2,0
255,judge,B_01_058,19,#e87fa2,2
256,jump_rope,G_01_19,19,#e87fa2,2
257,knight,H_01_54,19,#e87fa2,1
258,let_go,F_02_34,19,#e87fa2,0
259,magnet,C_03_003,19,#e87fa2,0
260,manage,J_01_023,19,#e87fa2,0
261,marionette,F_03_73,19,#e87fa2,3
262,model_3,H_03_42,19,#e87fa2,4
263,mop,A_02_090,19,#e87fa2,0
264,no_big_deal,H_03_44,19,#e87fa2,2
265,nothing_2,E_02_65,19,#e87fa2,0
266,pepper,A_02_085,19,#e87fa2,0
267,perfect,D_01_008,19,#e87fa2,16
268,persuade,G_01_91,19,#e87fa2,9
269,pizza_cutter,E_02_84,19,#e87fa2,0
270,plate,F_02_60,19,#e87fa2,0
271,pole,H_02_14,19,#e87fa2,1
272,popcorn,A_02_080,19,#e87fa2,11
273,postpone,H_01_12,19,#e87fa2,2
274,preacher,D_01_019,19,#e87fa2,1
275,pull,D_02_062,19,#e87fa2,0
276,pull_convince,G_03_69,19,#e87fa2,0
277,replace,J_03_007,19,#e87fa2,0
278,risk(take_risk),F_02_26,19,#e87fa2,2
279,select,D_03_087,19,#e87fa2,0
280,sentence,H_01_25,19,#e87fa2,0
281,seven,F_03_87,19,#e87fa2,0
282,six,G_03_34,19,#e87fa2,20
283,sticky,F_02_89,19,#e87fa2,48
284,story,E_01_15,19,#e87fa2,1
285,story_3,H_03_7,19,#e87fa2,0
286,sunrise,H_03_89,19,#e87fa2,10
287,sword,E_03_101,19,#e87fa2,15
288,team,E_01_71,19,#e87fa2,27
289,tear_rip,G_03_9,19,#e87fa2,4
290,tennis,A_01_053,19,#e87fa2,2
291,toilet,A_02_038,19,#e87fa2,0
292,tractor,H_01_42,19,#e87fa2,2
293,tradition,J_03_023,19,#e87fa2,5
294,truck,G_03_7,19,#e87fa2,7
295,tty,G_01_35,19,#e87fa2,0
296,tube,G_03_42,19,#e87fa2,0
297,tuesday,J_03_087,19,#e87fa2,2
298,VACUUM,D_03_084,19,#e87fa2,24
299,vase,E_02_28,19,#e87fa2,0
300,vlog,J_03_027,19,#e87fa2,8
301,VOLLEYBALL,A_02_006,19,#e87fa2,5
302,wand,E_03_16,19,#e87fa2,7
303,WEDNESDAY,B_03_056,19,#e87fa2,2
304,WEST,D_03_053,19,#e87fa2,0
305,wheelbarrow_1,F_03_70,19,#e87fa2,0
306,WHIP,A_03_077,19,#e87fa2,5
307,wrap_up,F_03_91,19,#e87fa2,1
308,write_on_wall,G_02_87,19,#e87fa2,1
309,yucky_1,E_01_11,19,#e87fa2,3
310,ZOOM_IN,B_02_056,19,#e87fa2,6
311,act,B_02_038,47,#a2ea7e,2
312,actor,A_03_047,47,#a2ea7e,1
313,address,D_01_016,47,#a2ea7e,0
314,army,B_01_059,47,#a2ea7e,0
315,assembly,J_03_096,47,#a2ea7e,7
316,backpack_2,G_01_64,47,#a2ea7e,0
317,bath,B_01_019,47,#a2ea7e,0
318,canada,C_03_034,47,#a2ea7e,0
319,gorilla,A_02_044,47,#a2ea7e,0
320,hug,G_02_36,47,#a2ea7e,0
321,love,G_01_68,47,#a2ea7e,0
322,myself,D_03_024,47,#a2ea7e,0
323,sorry,C_01_020,47,#a2ea7e,7
324,sweetheart,H_02_5,47,#a2ea7e,0
325,theater,D_01_052,47,#a2ea7e,14
326,action,C_01_026,3,#f4b7e2,0
327,africa,A_02_082,3,#f4b7e2,4
328,all_day,H_02_93,3,#f4b7e2,1
329,all_over,J_02_064,3,#f4b7e2,5
330,all_way,H_01_84,3,#f4b7e2,4
331,america,C_02_006,3,#f4b7e2,2
332,audience,F_01_72,3,#f4b7e2,0
333,auditorium,F_02_21,3,#f4b7e2,0
334,awkward,B_01_022,3,#f4b7e2,3
335,balance,C_02_046,3,#f4b7e2,0
336,bark,J_02_051,3,#f4b7e2,3
337,basketball_2,H_02_4,3,#f4b7e2,1
338,behavior,C_02_036,3,#f4b7e2,0
339,biology,A_02_015,3,#f4b7e2,1
340,blinds_2,C_03_014,3,#f4b7e2,0
341,boil,G_03_101,3,#f4b7e2,1
342,boston,J_03_001,3,#f4b7e2,7
343,bounce,H_03_57,3,#f4b7e2,5
344,bowl,C_03_049,3,#f4b7e2,2
345,bowling,A_02_003,3,#f4b7e2,0
346,box,C_03_025,3,#f4b7e2,0
347,bring,F_03_4,3,#f4b7e2,0
348,camel_2,G_01_42,3,#f4b7e2,29
349,carousel,E_01_63,3,#f4b7e2,0
350,carry,J_02_042,3,#f4b7e2,3
351,casual,H_02_50,3,#f4b7e2,8
352,catapult,E_03_83,3,#f4b7e2,0
353,category,E_01_34,3,#f4b7e2,0
354,cemetary,H_01_37,3,#f4b7e2,0
355,chance,A_03_080,3,#f4b7e2,6
356,chaos,F_01_37,3,#f4b7e2,3
357,chat,C_01_079,3,#f4b7e2,1
358,chicago,D_01_043,3,#f4b7e2,3
359,child,F_03_101,3,#f4b7e2,21
360,children,C_02_066,3,#f4b7e2,1
361,christmas_1,F_03_29,3,#f4b7e2,20
362,circuswheel,H_02_65,3,#f4b7e2,0
363,class,B_03_068,3,#f4b7e2,21
364,cloud_2,D_01_092,3,#f4b7e2,1
365,come,C_03_074,3,#f4b7e2,3
366,convince_2,H_03_13,3,#f4b7e2,0
367,cross,C_01_067,3,#f4b7e2,7
368,curtain,A_02_025,3,#f4b7e2,2
369,dark,E_01_12,3,#f4b7e2,0
370,death,A_01_076,3,#f4b7e2,0
371,demote,J_03_031,3,#f4b7e2,0
372,die,D_02_021,3,#f4b7e2,24
373,dinosaur,A_01_031,3,#f4b7e2,0
374,empty_2,J_01_077,3,#f4b7e2,2
375,escalate,H_01_33,3,#f4b7e2,0
376,fat,C_01_011,3,#f4b7e2,0
377,fingerspell,B_01_048,3,#f4b7e2,0
378,fingerspelling,B_03_065,3,#f4b7e2,8
379,fins,E_03_58,3,#f4b7e2,3
380,fire,B_03_090,3,#f4b7e2,0
381,flag,B_01_036,3,#f4b7e2,0
382,flag_2,G_02_92,3,#f4b7e2,8
383,fold,F_02_19,3,#f4b7e2,3
384,forest,G_01_38,3,#f4b7e2,4
385,freeway,B_03_001,3,#f4b7e2,0
386,freeze,F_03_10,3,#f4b7e2,4
387,gesture,J_03_086,3,#f4b7e2,0
388,get_together,J_02_073,3,#f4b7e2,21
389,give,F_01_23,3,#f4b7e2,2
390,give_up,H_03_28,3,#f4b7e2,3
391,go_ahead,J_01_041,3,#f4b7e2,0
392,go_on,E_01_75,3,#f4b7e2,7
393,goody_goody_shoe_opposite,J_01_072,3,#f4b7e2,2
394,gotcha,H_02_72,3,#f4b7e2,0
395,great,J_03_016,3,#f4b7e2,0
396,grow_up,J_01_036,3,#f4b7e2,0
397,hall,F_01_97,3,#f4b7e2,10
398,hell,G_03_8,3,#f4b7e2,0
399,here,D_01_089,3,#f4b7e2,4
400,high,C_02_045,3,#f4b7e2,28
401,his,F_02_58,3,#f4b7e2,10
402,history,A_02_036,3,#f4b7e2,2
403,honk,H_01_74,3,#f4b7e2,13
404,hundred,H_03_27,3,#f4b7e2,1
405,hunt,B_01_025,3,#f4b7e2,0
406,hurry,G_01_75,3,#f4b7e2,16
407,introduce,D_01_076,3,#f4b7e2,0
408,invite,C_02_007,3,#f4b7e2,6
409,kangaroo,D_03_079,3,#f4b7e2,6
410,knock_off,H_03_35,3,#f4b7e2,0
411,land,G_02_66,3,#f4b7e2,7
412,leave,B_02_084,3,#f4b7e2,1
413,leave_alone,H_03_105,3,#f4b7e2,0
414,lecture,C_03_048,3,#f4b7e2,19
415,lift,G_02_82,3,#f4b7e2,2
416,maybe,B_03_022,3,#f4b7e2,1
417,melt,F_01_50,3,#f4b7e2,0
418,mess,J_03_008,3,#f4b7e2,0
419,mix,H_02_10,3,#f4b7e2,2
420,monster,F_03_14,3,#f4b7e2,0
421,morning,C_02_012,3,#f4b7e2,9
422,move,D_03_090,3,#f4b7e2,0
423,move_down,G_01_53,3,#f4b7e2,0
424,much,B_01_061,3,#f4b7e2,0
425,never,C_02_079,3,#f4b7e2,2
426,noon_2,G_02_14,3,#f4b7e2,1
427,not_used_to,F_03_100,3,#f4b7e2,0
428,nothing,B_01_079,3,#f4b7e2,18
429,office,A_01_063,3,#f4b7e2,0
430,order_1,C_02_064,3,#f4b7e2,0
431,organization,J_03_033,3,#f4b7e2,0
432,overnight,J_01_076,3,#f4b7e2,0
433,pack,H_02_60,3,#f4b7e2,7
434,parade,B_02_039,3,#f4b7e2,5
435,percent,C_02_082,3,#f4b7e2,24
436,piano,A_03_029,3,#f4b7e2,2
437,pile,B_02_077,3,#f4b7e2,5
438,plan,E_03_34,3,#f4b7e2,0
439,process,E_03_55,3,#f4b7e2,0
440,promote,D_01_061,3,#f4b7e2,2
441,"propose(proposal,offer,submit,suggest)",H_02_26,3,#f4b7e2,0
442,provide,H_01_45,3,#f4b7e2,0
443,push,D_02_077,3,#f4b7e2,3
444,put,F_03_46,3,#f4b7e2,1
445,put_aside,G_02_7,3,#f4b7e2,8
446,rafting,E_03_89,3,#f4b7e2,1
447,rainbow,F_03_1,3,#f4b7e2,1
448,ready,F_03_42,3,#f4b7e2,3
449,right_2,C_01_070,3,#f4b7e2,21
450,river_2,F_02_66,3,#f4b7e2,1
451,road,F_02_83,3,#f4b7e2,0
452,rob,G_02_93,3,#f4b7e2,11
453,robot,F_01_34,3,#f4b7e2,0
454,rollerblading,D_02_033,3,#f4b7e2,1
455,room,A_01_024,3,#f4b7e2,45
456,rush,E_03_54,3,#f4b7e2,0
457,sail,D_01_074,3,#f4b7e2,19
458,salad,A_02_061,3,#f4b7e2,0
459,sell,J_03_024,3,#f4b7e2,2
460,sequence,E_02_8,3,#f4b7e2,0
461,serve,E_02_4,3,#f4b7e2,0
462,shop_2,D_03_058,3,#f4b7e2,8
463,short_2,H_02_92,3,#f4b7e2,11
464,short_word,J_02_087,3,#f4b7e2,5
465,slide,F_01_100,3,#f4b7e2,5
466,small,D_01_030,3,#f4b7e2,0
467,social,H_03_30,3,#f4b7e2,0
468,socialize,H_01_21,3,#f4b7e2,3
469,spaceship,J_03_074,3,#f4b7e2,0
470,stadium,G_01_86,3,#f4b7e2,4
471,stairs,A_03_048,3,#f4b7e2,0
472,street,A_01_062,3,#f4b7e2,5
473,stumble,J_02_079,3,#f4b7e2,5
474,sunset,B_02_087,3,#f4b7e2,0
475,swear_in,J_02_016,3,#f4b7e2,0
476,swim,E_03_53,3,#f4b7e2,7
477,swing,A_02_018,3,#f4b7e2,2
478,tall_2,B_01_030,3,#f4b7e2,1
479,things,B_03_043,3,#f4b7e2,17
480,time_to_time,J_01_020,3,#f4b7e2,0
481,traffic,B_01_043,3,#f4b7e2,0
482,vibrate,J_02_035,3,#f4b7e2,4
483,wade,H_01_36,3,#f4b7e2,2
484,WAITER,A_01_061,3,#f4b7e2,0
485,WALK,D_02_057,3,#f4b7e2,1
486,walk_2,J_03_067,3,#f4b7e2,1
487,WANT,C_03_013,3,#f4b7e2,5
488,want_2,E_01_25,3,#f4b7e2,0
489,WAVE,A_03_079,3,#f4b7e2,5
490,WAY,C_02_073,3,#f4b7e2,1
491,WELL,D_01_009,3,#f4b7e2,17
492,WHAT_1,D_02_084,3,#f4b7e2,2
493,wide,J_02_052,3,#f4b7e2,6
494,wind,H_02_68,3,#f4b7e2,0
495,windy,G_02_80,3,#f4b7e2,8
496,your,F_01_52,3,#f4b7e2,1
497,ZERO,D_03_036,3,#f4b7e2,4
498,addict,H_02_73,12,#0fbf5e,0
499,barely,H_03_37,12,#0fbf5e,3
500,bee,E_03_18,12,#0fbf5e,0
501,bee_2(ck),J_02_101,12,#0fbf5e,6
502,birthday,D_01_054,12,#0fbf5e,0
503,black,B_02_006,12,#0fbf5e,0
504,bored,B_01_017,12,#0fbf5e,6
505,bull,E_01_98,12,#0fbf5e,1
506,cat,A_01_023,12,#0fbf5e,6
507,cereal,A_02_014,12,#0fbf5e,5
508,cheek,G_03_52,12,#0fbf5e,1
509,chin_1,E_01_20,12,#0fbf5e,0
510,cool_3,H_03_99,12,#0fbf5e,1
511,cool_4,H_03_32,12,#0fbf5e,0
512,desert,A_03_008,12,#0fbf5e,0
513,doll,C_02_049,12,#0fbf5e,0
514,dont_feel_like,J_01_005,12,#0fbf5e,0
515,dry,F_03_5,12,#0fbf5e,16
516,dryer,C_01_007,12,#0fbf5e,3
517,eagle,D_03_066,12,#0fbf5e,11
518,ear,D_02_071,12,#0fbf5e,3
519,egypt,C_02_042,12,#0fbf5e,20
520,fake,G_03_80,12,#0fbf5e,11
521,famous,E_03_85,12,#0fbf5e,0
522,favorite,B_01_024,12,#0fbf5e,0
523,for,B_03_049,12,#0fbf5e,4
524,forever_2,E_02_25,12,#0fbf5e,0
525,foul,J_01_049,12,#0fbf5e,9
526,fox,A_03_041,12,#0fbf5e,0
527,fruit,C_02_083,12,#0fbf5e,12
528,gay,D_03_011,12,#0fbf5e,3
529,goal,E_03_48,12,#0fbf5e,0
530,headcold,J_02_025,12,#0fbf5e,0
531,hearing_aid,B_01_015,12,#0fbf5e,1
532,honey_2,J_03_052,12,#0fbf5e,2
533,idea,D_01_085,12,#0fbf5e,2
534,if,G_03_17,12,#0fbf5e,0
535,immature,G_01_82,12,#0fbf5e,4
536,intelligent,H_02_80,12,#0fbf5e,0
537,israel,B_02_018,12,#0fbf5e,0
538,know_nothing,H_02_64,12,#0fbf5e,0
539,lesbian,H_01_57,12,#0fbf5e,0
540,lollipop,E_02_95,12,#0fbf5e,3
541,long_time,J_03_013,12,#0fbf5e,0
542,luck,H_03_9,12,#0fbf5e,10
543,lunch_1,F_01_76,12,#0fbf5e,4
544,metal,D_02_037,12,#0fbf5e,10
545,mind,B_01_046,12,#0fbf5e,15
546,mouse,A_03_009,12,#0fbf5e,0
547,pencil,A_02_053,12,#0fbf5e,4
548,penny,D_01_049,12,#0fbf5e,1
549,period(that'sit),J_02_107,12,#0fbf5e,0
550,pipe,B_03_027,12,#0fbf5e,4
551,pretend,D_03_062,12,#0fbf5e,1
552,razor,A_01_089,12,#0fbf5e,1
553,really,B_02_021,12,#0fbf5e,0
554,recent_2(tap),J_02_056,12,#0fbf5e,4
555,red_faced,F_03_30,12,#0fbf5e,0
556,rest_all_day,J_03_043,12,#0fbf5e,0
557,revenge,D_03_088,12,#0fbf5e,0
558,rhino,D_03_016,12,#0fbf5e,0
559,river,A_03_035,12,#0fbf5e,0
560,RUSSIA,D_02_091,12,#0fbf5e,0
561,scout,H_02_99,12,#0fbf5e,0
562,shave_3,H_03_18,12,#0fbf5e,31
563,single,H_01_18,12,#0fbf5e,0
564,skin,F_01_91,12,#0fbf5e,0
565,snorkel,E_01_102,12,#0fbf5e,6
566,soon,G_01_4,12,#0fbf5e,2
567,soon_2(h),J_02_098,12,#0fbf5e,0
568,soon_3,H_03_23,12,#0fbf5e,1
569,stink,H_01_64,12,#0fbf5e,27
570,strawberry,A_01_068,12,#0fbf5e,17
571,sure,C_03_044,12,#0fbf5e,2
572,tan,F_02_72,12,#0fbf5e,0
573,taste,J_01_081,12,#0fbf5e,0
574,teenager,H_02_39,12,#0fbf5e,0
575,telephone,A_02_040,12,#0fbf5e,0
576,tell,C_02_013,12,#0fbf5e,1
577,think,C_03_053,12,#0fbf5e,0
578,toy_2,J_01_056,12,#0fbf5e,0
579,TRUE,D_03_038,12,#0fbf5e,0
580,UGLY,C_01_019,12,#0fbf5e,0
581,WATER,A_02_031,12,#0fbf5e,5
582,water_ski,F_03_22,12,#0fbf5e,0
583,WHAT_FOR,C_02_054,12,#0fbf5e,0
584,woman_2(nose)lady,H_02_19,12,#0fbf5e,0
585,WRONG_1,B_01_055,12,#0fbf5e,0
586,WRONG_2,C_03_050,12,#0fbf5e,4
587,admit,J_02_062,63,#a3cef7,0
588,angry,B_01_070,63,#a3cef7,0
589,breathe,D_03_051,63,#a3cef7,0
590,cape,F_01_4,63,#a3cef7,0
591,clothes,E_03_96,63,#a3cef7,2
592,dress,A_03_046,63,#a3cef7,2
593,dress_up,J_03_057,63,#a3cef7,5
594,elegance,D_03_042,63,#a3cef7,3
595,happy,C_03_078,63,#a3cef7,3
596,holiday,D_03_031,63,#a3cef7,3
597,living_room,F_02_16,63,#a3cef7,13
598,WEAR,B_02_032,63,#a3cef7,2
599,adult,C_03_008,30,#bb25ed,6
600,all_gone,J_03_021,30,#bb25ed,0
601,amazing,D_02_093,30,#bb25ed,3
602,beard,C_03_085,30,#bb25ed,19
603,binoculars,A_03_074,30,#bb25ed,0
604,ceiling,J_01_091,30,#bb25ed,19
605,cloud_1,A_01_077,30,#bb25ed,3
606,coconut,A_02_088,30,#bb25ed,2
607,comb,C_02_070,30,#bb25ed,17
608,communication,B_03_013,30,#bb25ed,48
609,dark_2(b),J_03_094,30,#bb25ed,14
610,dizzy,H_02_102,30,#bb25ed,0
611,embarrass,C_01_014,30,#bb25ed,0
612,envelope,D_02_020,30,#bb25ed,0
613,falling_asleep,E_03_6,30,#bb25ed,19
614,fond,J_01_079,30,#bb25ed,5
615,forgetful,D_02_017,30,#bb25ed,10
616,front,C_01_039,30,#bb25ed,2
617,frown,F_02_57,30,#bb25ed,10
618,future,C_03_080,30,#bb25ed,1
619,god,D_02_068,30,#bb25ed,0
620,had_enough,H_01_90,30,#bb25ed,8
621,halloween_1,G_03_11,30,#bb25ed,0
622,harmonica,G_03_54,30,#bb25ed,0
623,helmet,D_02_034,30,#bb25ed,0
624,hot,F_02_93,30,#bb25ed,0
625,lion,A_03_012,30,#bb25ed,2
626,look_for,B_03_045,30,#bb25ed,5
627,napkin,A_03_019,30,#bb25ed,1
628,not_a_thing,J_02_088,30,#bb25ed,2
629,overlook,G_01_66,30,#bb25ed,0
630,overwhelmed,G_03_64,30,#bb25ed,2
631,peekaboo,E_02_26,30,#bb25ed,0
632,raccoon_1,H_02_82,30,#bb25ed,4
633,roar,J_03_062,30,#bb25ed,11
634,sad,B_02_053,30,#bb25ed,1
635,shampoo,D_01_035,30,#bb25ed,10
636,smell,E_02_49,30,#bb25ed,4
637,smell_money,F_03_26,30,#bb25ed,0
638,strange,C_03_018,30,#bb25ed,0
639,sunbathe,H_02_13,30,#bb25ed,1
640,very_interested,G_02_39,30,#bb25ed,2
641,will,F_03_25,30,#bb25ed,1
642,will_go,J_01_095,30,#bb25ed,2
643,advantage,H_03_59,71,#8abedb,0
644,cancellation,C_02_017,71,#8abedb,0
645,catepillar,G_01_25,71,#8abedb,0
646,charge,F_01_25,71,#8abedb,9
647,compass,G_02_12,71,#8abedb,0
648,"correct(grade,criticize)",J_02_040,71,#8abedb,17
649,cost,E_03_20,71,#8abedb,11
650,criticize,F_03_83,71,#8abedb,3
651,deep,C_03_006,71,#8abedb,0
652,demand,D_03_080,71,#8abedb,1
653,depth,F_02_18,71,#8abedb,4
654,discuss,E_03_81,71,#8abedb,4
655,due,H_03_11,71,#8abedb,4
656,early,G_01_18,71,#8abedb,0
657,easel,F_01_44,71,#8abedb,6
658,empty_1,E_02_72,71,#8abedb,0
659,example,G_02_24,71,#8abedb,0
660,grade,F_02_76,71,#8abedb,0
661,hockey,B_01_035,71,#8abedb,0
662,identity,H_03_71,71,#8abedb,11
663,impossible,B_01_032,71,#8abedb,2
664,jelly,C_02_040,71,#8abedb,48
665,kill,D_01_013,71,#8abedb,1
666,last_week,H_01_98,71,#8abedb,3
667,medicine,C_03_040,71,#8abedb,2
668,minute,B_01_074,71,#8abedb,6
669,murder,F_02_77,71,#8abedb,5
670,negative,J_01_008,71,#8abedb,0
671,new_york,B_01_034,71,#8abedb,0
672,next_down,J_03_101,71,#8abedb,1
673,once,J_02_059,71,#8abedb,2
674,owe,C_01_089,71,#8abedb,0
675,pay,F_01_82,71,#8abedb,0
676,pay_off_bills,F_03_36,71,#8abedb,21
677,pharmacist,E_01_51,71,#8abedb,3
678,plummet,G_03_28,71,#8abedb,3
679,"press(click,poke,push)",H_03_6,71,#8abedb,1
680,price,C_02_004,71,#8abedb,0
681,requirement,C_01_078,71,#8abedb,0
682,rude,B_01_026,71,#8abedb,5
683,show,C_01_050,71,#8abedb,19
684,sometimes,E_02_38,71,#8abedb,1
685,tall_1,B_03_024,71,#8abedb,0
686,WEEK,B_02_079,71,#8abedb,1
687,WHAT_2,D_02_094,71,#8abedb,1
688,WORM,B_03_014,71,#8abedb,7
689,against,H_03_3,1,#f2f47a,0
690,alright,J_03_025,1,#f2f47a,0
691,at,J_01_055,1,#f2f47a,0
692,average,G_03_50,1,#f2f47a,19
693,before,G_02_53,1,#f2f47a,0
694,between,J_03_003,1,#f2f47a,0
695,bother,H_01_40,1,#f2f47a,2
696,budget,E_01_99,1,#f2f47a,2
697,calendar,D_02_061,1,#f2f47a,0
698,call_2,J_02_048,1,#f2f47a,47
699,chair,A_01_017,1,#f2f47a,0
700,cheap,F_02_56,1,#f2f47a,5
701,chimney,E_02_64,1,#f2f47a,0
702,chop,F_02_99,1,#f2f47a,8
703,clean,E_03_82,1,#f2f47a,3
704,college,B_01_009,1,#f2f47a,0
705,cook,D_03_078,1,#f2f47a,1
706,cover_up,C_03_038,1,#f2f47a,0
707,crack,F_03_67,1,#f2f47a,13
708,cross_2,H_01_7,1,#f2f47a,0
709,develop_1,J_03_092,1,#f2f47a,2
710,door,A_03_052,1,#f2f47a,5
711,downhill,H_03_12,1,#f2f47a,2
712,easy,D_01_070,1,#f2f47a,0
713,edge,E_03_99,1,#f2f47a,6
714,end,E_01_74,1,#f2f47a,0
715,english,A_01_011,1,#f2f47a,2
716,enter,E_02_76,1,#f2f47a,16
717,evening,D_02_047,1,#f2f47a,0
718,from_then_on,H_02_40,1,#f2f47a,1
719,gate,E_03_64,1,#f2f47a,2
720,hands,G_01_65,1,#f2f47a,2
721,hoe,G_01_7,1,#f2f47a,6
722,intervene,J_01_109,1,#f2f47a,0
723,junior,J_03_082,1,#f2f47a,1
724,laptop,C_03_042,1,#f2f47a,0
725,leak,F_02_38,1,#f2f47a,0
726,major,J_01_057,1,#f2f47a,0
727,MINIMUM,J_03_077,1,#f2f47a,29
728,movie,D_01_026,1,#f2f47a,7
729,movies,B_03_077,1,#f2f47a,0
730,name,D_01_021,1,#f2f47a,0
731,near,G_01_14,1,#f2f47a,0
732,next,E_03_80,1,#f2f47a,0
733,next_to,F_03_8,1,#f2f47a,0
734,nice,G_03_59,1,#f2f47a,0
735,night,A_01_003,1,#f2f47a,12
736,on,E_03_4,1,#f2f47a,1
737,operate_machine,G_02_26,1,#f2f47a,3
738,over_1,F_03_79,1,#f2f47a,4
739,pancake,G_03_68,1,#f2f47a,1
740,paper,A_01_026,1,#f2f47a,0
741,papercutter,A_03_082,1,#f2f47a,2
742,proof,E_02_19,1,#f2f47a,1
743,right_3(legal),J_03_095,1,#f2f47a,6
744,rock,A_01_030,1,#f2f47a,0
745,schedule,A_03_001,1,#f2f47a,13
746,shark_2,E_02_71,1,#f2f47a,1
747,sled_1,F_01_10,1,#f2f47a,6
748,slip,J_02_030,1,#f2f47a,5
749,some,B_01_020,1,#f2f47a,0
750,stop,D_01_010,1,#f2f47a,4
751,sweep,D_01_086,1,#f2f47a,1
752,take_off,H_03_50,1,#f2f47a,1
753,tape,G_01_17,1,#f2f47a,0
754,temporary,G_03_67,1,#f2f47a,1
755,than,F_02_2,1,#f2f47a,0
756,time_progress,H_02_61,1,#f2f47a,0
757,top,H_01_65,1,#f2f47a,0
758,USE,D_03_043,1,#f2f47a,1
759,WARN,B_01_033,1,#f2f47a,8
760,weight,E_02_37,1,#f2f47a,0
761,WINDOW,A_03_042,1,#f2f47a,6
762,window_open,E_02_75,1,#f2f47a,0
763,wood,C_03_031,1,#f2f47a,9
764,age,B_02_071,89,#cff731,9
765,cherish,J_02_033,89,#cff731,4
766,fascinated,E_01_87,89,#cff731,2
767,precious,H_02_71,89,#cff731,1
768,agreement,C_02_078,5,#adfca9,2
769,apple,A_03_054,5,#adfca9,1
770,believe,D_02_049,5,#adfca9,4
771,bleed,J_03_075,5,#adfca9,0
772,blond,E_02_102,5,#adfca9,0
773,blood,C_01_087,5,#adfca9,5
774,blow_mind,F_02_45,5,#adfca9,0
775,brainstorm,J_01_103,5,#adfca9,1
776,brainwash,E_01_30,5,#adfca9,4
777,california,H_02_38,5,#adfca9,0
778,candy_1,A_01_018,5,#adfca9,3
779,chew,G_02_91,5,#adfca9,0
780,chin_2,F_02_70,5,#adfca9,0
781,cleftchin_1,E_01_54,5,#adfca9,0
782,computer_mouse,C_01_073,5,#adfca9,0
783,confused_2,J_02_067,5,#adfca9,0
784,crazy,D_03_040,5,#adfca9,1
785,deaf_2,E_03_98,5,#adfca9,0
786,deaf_school,H_01_22,5,#adfca9,2
787,decide_1,B_02_074,5,#adfca9,0
788,dedicate_1,F_03_85,5,#adfca9,0
789,disagreement,B_02_066,5,#adfca9,0
790,disappoint,G_03_18,5,#adfca9,1
791,dont_mind,B_03_033,5,#adfca9,10
792,expect,F_02_68,5,#adfca9,6
793,faint,G_03_46,5,#adfca9,14
794,forever,D_03_072,5,#adfca9,0
795,freak_out,G_02_9,5,#adfca9,0
796,genius,H_02_24,5,#adfca9,27
797,gold,D_02_009,5,#adfca9,0
798,head_grind,E_03_33,5,#adfca9,7
799,hear,E_01_97,5,#adfca9,1
800,hope,D_02_085,5,#adfca9,3
801,humble,A_01_009,5,#adfca9,17
802,immerse,E_02_32,5,#adfca9,8
803,intentional,G_02_40,5,#adfca9,0
804,lonely,B_03_078,5,#adfca9,0
805,loud,D_02_007,5,#adfca9,0
806,mention(altvar),J_03_012,5,#adfca9,0
807,mind_turned,J_01_034,5,#adfca9,0
808,miss,G_02_49,5,#adfca9,7
809,mock,C_01_015,5,#adfca9,3
810,nose,G_03_75,5,#adfca9,0
811,not_interested,E_01_82,5,#adfca9,0
812,not_mind,G_01_60,5,#adfca9,0
813,obsess,J_03_002,5,#adfca9,0
814,offhand,E_01_72,5,#adfca9,2
815,onion,A_03_038,5,#adfca9,2
816,plain,E_03_79,5,#adfca9,0
817,promise,A_01_071,5,#adfca9,1
818,puzzled,B_01_012,5,#adfca9,3
819,recent_1,H_03_90,5,#adfca9,1
820,red,C_02_090,5,#adfca9,0
821,serious,B_01_071,5,#adfca9,0
822,shocked,D_01_023,5,#adfca9,10
823,sound,H_02_96,5,#adfca9,2
824,sour,F_03_60,5,#adfca9,7
825,spot_something,G_01_2,5,#adfca9,0
826,sshh,E_02_16,5,#adfca9,0
827,suspect,C_03_012,5,#adfca9,0
828,temper_blow_up,F_02_97,5,#adfca9,4
829,think_connect,F_02_87,5,#adfca9,8
830,think_expand,G_02_15,5,#adfca9,1
831,think_obsess,G_03_79,5,#adfca9,2
832,think_over,D_02_054,5,#adfca9,0
833,think_penetrate,G_01_39,5,#adfca9,1
834,think_penetrate,J_01_090,5,#adfca9,1
835,think_smart,G_01_45,5,#adfca9,21
836,thought_disappear,G_01_51,5,#adfca9,1
837,to_a_goal,F_01_26,5,#adfca9,0
838,tomato,D_02_087,5,#adfca9,2
839,true_business,E_03_68,5,#adfca9,0
840,airplane,D_03_068,9,#eda8cb,0
841,allergy,G_03_72,9,#eda8cb,27
842,alone,D_02_024,9,#eda8cb,0
843,always,J_03_076,9,#eda8cb,0
844,argue,F_03_72,9,#eda8cb,0
845,battery,D_02_089,9,#eda8cb,0
846,big,F_02_54,9,#eda8cb,0
847,but,D_03_030,9,#eda8cb,0
848,circle,E_02_62,9,#eda8cb,6
849,complex,C_01_061,9,#eda8cb,0
850,conflict,J_02_084,9,#eda8cb,1
851,day,C_01_044,9,#eda8cb,0
852,dedicate_2,G_03_94,9,#eda8cb,20
853,depend_on,H_03_76,9,#eda8cb,14
854,different,E_03_95,9,#eda8cb,5
855,down,G_03_55,9,#eda8cb,0
856,downsize_1,C_01_055,9,#eda8cb,4
857,downsize_2,D_02_058,9,#eda8cb,0
858,edit_1,F_01_68,9,#eda8cb,8
859,electrician,A_02_005,9,#eda8cb,0
860,enemy,E_02_45,9,#eda8cb,1
861,fast,C_03_016,9,#eda8cb,0
862,follow_2,H_03_29,9,#eda8cb,2
863,friend,D_03_010,9,#eda8cb,2
864,gift,E_01_55,9,#eda8cb,1
865,go,C_03_056,9,#eda8cb,0
866,grammar,J_03_078,9,#eda8cb,5
867,group,J_01_001,9,#eda8cb,29
868,half,F_03_40,9,#eda8cb,9
869,happen,B_03_080,9,#eda8cb,5
870,he,F_02_44,9,#eda8cb,1
871,hippo,C_01_069,9,#eda8cb,3
872,hose,E_02_54,9,#eda8cb,0
873,hurt,E_01_2,9,#eda8cb,2
874,I_love_you,F_01_102,9,#eda8cb,0
875,incredible,J_03_080,9,#eda8cb,0
876,independent,J_03_040,9,#eda8cb,0
877,infection,H_02_57,9,#eda8cb,6
878,institute,J_02_047,9,#eda8cb,1
879,insult,A_03_006,9,#eda8cb,6
880,insurance,D_02_030,9,#eda8cb,0
881,isolated,F_02_33,9,#eda8cb,3
882,language,A_01_067,9,#eda8cb,0
883,last,B_01_038,9,#eda8cb,0
884,later,D_01_077,9,#eda8cb,4
885,league,H_01_92,9,#eda8cb,22
886,left,J_03_103,9,#eda8cb,0
887,library,A_02_041,9,#eda8cb,0
888,lightning,D_02_069,9,#eda8cb,0
889,line,C_02_069,9,#eda8cb,0
890,linguistics,H_01_4,9,#eda8cb,0
891,long_word,H_02_47,9,#eda8cb,1
892,meet,D_02_018,9,#eda8cb,20
893,must,F_02_4,9,#eda8cb,1
894,need,C_02_034,9,#eda8cb,2
895,now,C_03_062,9,#eda8cb,19
896,offend,D_03_039,9,#eda8cb,2
897,oh_I_see,E_01_38,9,#eda8cb,2
898,one,F_03_12,9,#eda8cb,1
899,parallel,H_03_67,9,#eda8cb,0
900,photography,J_01_038,9,#eda8cb,9
901,place_2(y),H_01_41,9,#eda8cb,3
902,possum,H_03_79,9,#eda8cb,6
903,quarter,H_02_49,9,#eda8cb,24
904,right_1,C_01_065,9,#eda8cb,22
905,roast,J_02_038,9,#eda8cb,2
906,roll,E_03_11,9,#eda8cb,4
907,ruler,G_02_86,9,#eda8cb,0
908,same_1,B_02_009,9,#eda8cb,4
909,same_2,B_02_013,9,#eda8cb,1
910,same_same,J_02_081,9,#eda8cb,0
911,same_time,H_02_21,9,#eda8cb,0
912,scold,H_01_8,9,#eda8cb,0
913,scroll_down,C_03_084,9,#eda8cb,9
914,shooting,F_01_49,9,#eda8cb,4
915,should,G_02_79,9,#eda8cb,9
916,shrimp,A_01_065,9,#eda8cb,5
917,sign,E_03_50,9,#eda8cb,0
918,sign_language,D_02_031,9,#eda8cb,0
919,siren,G_03_65,9,#eda8cb,0
920,skate,C_01_090,9,#eda8cb,0
921,ski,D_02_027,9,#eda8cb,0
922,sled_2,G_02_27,9,#eda8cb,1
923,socks,A_03_033,9,#eda8cb,22
924,somersault,J_02_012,9,#eda8cb,2
925,something,G_01_9,9,#eda8cb,0
926,spaghetti,A_01_042,9,#eda8cb,0
927,spin(weave),J_02_085,9,#eda8cb,0
928,square,J_01_060,9,#eda8cb,45
929,star,A_03_087,9,#eda8cb,0
930,stars,A_01_047,9,#eda8cb,2
931,stay,F_02_50,9,#eda8cb,2
932,still,G_02_85,9,#eda8cb,0
933,string,F_03_54,9,#eda8cb,12
934,struggle,H_03_102,9,#eda8cb,0
935,suspend,H_01_16,9,#eda8cb,8
936,test,D_01_060,9,#eda8cb,11
937,that,C_03_059,9,#eda8cb,0
938,there,D_02_060,9,#eda8cb,0
939,these,G_03_95,9,#eda8cb,0
940,they,E_01_44,9,#eda8cb,2
941,thin,C_02_002,9,#eda8cb,7
942,this/it,F_01_35,9,#eda8cb,2
943,those,F_02_103,9,#eda8cb,0
944,tiny,J_03_006,9,#eda8cb,0
945,today,E_02_6,9,#eda8cb,0
946,triangle,J_02_080,9,#eda8cb,1
947,trophy,D_02_086,9,#eda8cb,48
948,turn_around,J_02_086,9,#eda8cb,3
949,twirl,J_01_102,9,#eda8cb,11
950,until,H_02_18,9,#eda8cb,1
951,up,E_01_69,9,#eda8cb,8
952,vagina,F_02_65,9,#eda8cb,0
953,walk_backwards,G_01_102,9,#eda8cb,0
954,WANDER,A_01_019,9,#eda8cb,0
955,wheel,H_03_69,9,#eda8cb,4
956,wheelchair,G_01_46,9,#eda8cb,0
957,WHERE,B_02_035,9,#eda8cb,3
958,while,H_02_32,9,#eda8cb,2
959,YEAH,D_01_058,9,#eda8cb,3
960,you,D_02_065,9,#eda8cb,3
961,zoo,E_03_42,9,#eda8cb,0
962,align,H_02_22,2,#9aaa0b,1
963,all_over_body,H_03_78,2,#9aaa0b,3
964,apart,E_02_33,2,#9aaa0b,0
965,baby,C_01_017,2,#9aaa0b,20
966,babysitter,F_03_61,2,#9aaa0b,0
967,bacon,A_03_073,2,#9aaa0b,6
968,ball,C_02_044,2,#9aaa0b,11
969,basket_2,E_01_60,2,#9aaa0b,8
970,become,H_02_8,2,#9aaa0b,7
971,boat,D_01_055,2,#9aaa0b,3
972,book,A_01_027,2,#9aaa0b,2
973,boots,C_03_019,2,#9aaa0b,8
974,break_down,F_01_30,2,#9aaa0b,2
975,breakdown,B_01_064,2,#9aaa0b,0
976,building,A_03_088,2,#9aaa0b,0
977,busted,G_01_22,2,#9aaa0b,0
978,calm,G_03_4,2,#9aaa0b,0
979,certificate,B_01_080,2,#9aaa0b,1
980,city,B_01_029,2,#9aaa0b,4
981,clap,G_01_96,2,#9aaa0b,10
982,close,G_03_84,2,#9aaa0b,2
983,close_door,H_03_61,2,#9aaa0b,0
984,closet_2,E_01_91,2,#9aaa0b,3
985,community,J_01_015,2,#9aaa0b,8
986,congratulations,B_02_022,2,#9aaa0b,1
987,corner,J_03_071,2,#9aaa0b,3
988,couch_1,G_02_13,2,#9aaa0b,1
989,crocodile,D_01_081,2,#9aaa0b,0
990,disrupt,E_03_76,2,#9aaa0b,0
991,divide,E_02_18,2,#9aaa0b,19
992,doesnt_matter,F_03_31,2,#9aaa0b,6
993,egg,A_03_011,2,#9aaa0b,0
994,engine_start,E_01_36,2,#9aaa0b,4
995,equal,C_01_052,2,#9aaa0b,11
996,even_1,F_03_57,2,#9aaa0b,13
997,fair,G_01_80,2,#9aaa0b,3
998,fence,G_01_6,2,#9aaa0b,0
999,filter,F_01_59,2,#9aaa0b,2
1000,fix,G_03_43,2,#9aaa0b,0
1001,floor,D_01_062,2,#9aaa0b,2
1002,football,A_02_027,2,#9aaa0b,4
1003,go_back_and_forth,H_01_52,2,#9aaa0b,0
1004,go_to_jail,F_03_99,2,#9aaa0b,20
1005,gray,F_01_80,2,#9aaa0b,3
1006,greet,J_01_042,2,#9aaa0b,10
1007,hamburger,A_01_004,2,#9aaa0b,11
1008,hanukkah,G_02_30,2,#9aaa0b,0
1009,hatch,J_02_069,2,#9aaa0b,1
1010,heavy,F_01_85,2,#9aaa0b,0
1011,how,D_02_082,2,#9aaa0b,0
1012,hurricane,F_02_61,2,#9aaa0b,6
1013,load,H_01_55,2,#9aaa0b,20
1014,long_line,D_01_038,2,#9aaa0b,9
1015,lost,J_01_017,2,#9aaa0b,0
1016,machine,A_03_078,2,#9aaa0b,1
1017,mainstream,J_03_037,2,#9aaa0b,1
1018,match,D_01_050,2,#9aaa0b,4
1019,more,B_03_032,2,#9aaa0b,5
1020,motivation_1,E_02_47,2,#9aaa0b,0
1021,motivation_2,G_03_37,2,#9aaa0b,0
1022,net,G_02_21,2,#9aaa0b,1
1023,open,G_03_88,2,#9aaa0b,1
1024,open_book,E_02_22,2,#9aaa0b,0
1025,open_wallet,E_03_2,2,#9aaa0b,0
1026,peace,B_01_089,2,#9aaa0b,0
1027,platform,E_03_70,2,#9aaa0b,0
1028,plow,H_02_58,2,#9aaa0b,0
1029,prayer,C_03_090,2,#9aaa0b,0
1030,prison,A_01_090,2,#9aaa0b,0
1031,protection,C_03_037,2,#9aaa0b,24
1032,public,H_02_29,2,#9aaa0b,12
1033,rain,A_03_061,2,#9aaa0b,14
1034,request,E_01_24,2,#9aaa0b,27
1035,rocking_chair_1,E_03_24,2,#9aaa0b,0
1036,roof,F_01_39,2,#9aaa0b,3
1037,roommate,H_03_73,2,#9aaa0b,0
1038,school,C_03_089,2,#9aaa0b,1
1039,seal,G_01_57,2,#9aaa0b,2
1040,shelf,E_02_60,2,#9aaa0b,5
1041,shut_out,G_03_26,2,#9aaa0b,0
1042,softball,G_01_30,2,#9aaa0b,2
1043,spider,D_03_067,2,#9aaa0b,0
1044,story_2(b),J_01_007,2,#9aaa0b,3
1045,strangle,J_01_093,2,#9aaa0b,3
1046,too_much,E_02_15,2,#9aaa0b,0
1047,truck_2(c),J_02_070,2,#9aaa0b,3
1048,type_keyboard,F_03_59,2,#9aaa0b,0
1049,valley,G_02_90,2,#9aaa0b,6
1050,VIDEOPHONE,B_01_039,2,#9aaa0b,0
1051,wall,E_01_89,2,#9aaa0b,2
1052,wallet,F_01_81,2,#9aaa0b,0
1053,wallet_2,J_03_047,2,#9aaa0b,1
1054,WAR,B_03_075,2,#9aaa0b,2
1055,weave,H_02_81,2,#9aaa0b,1
1056,WHATEVER,B_02_025,2,#9aaa0b,1
1057,whole,J_02_049,2,#9aaa0b,1
1058,WITH,C_02_074,2,#9aaa0b,4
1059,wrestle,J_01_033,2,#9aaa0b,1
1060,all,C_03_088,131,#e8a4c8,1
1061,arrive,D_01_073,131,#e8a4c8,0
1062,alone_2,H_01_1,77,#71f289,0
1063,me,B_01_068,77,#71f289,0
1064,analyze,G_02_75,4,#129b4d,0
1065,bone,C_03_015,4,#129b4d,20
1066,camcorder,E_03_21,4,#129b4d,8
1067,car_battery,E_01_39,4,#129b4d,0
1068,castle,A_01_008,4,#129b4d,3
1069,dilemma,J_01_003,4,#129b4d,1
1070,escalator,F_01_36,4,#129b4d,15
1071,four,C_01_029,4,#129b4d,0
1072,hard,C_01_036,4,#129b4d,1
1073,news_to_me,H_01_78,4,#129b4d,0
1074,problem_2,B_03_047,4,#129b4d,1
1075,real_sick,G_01_71,4,#129b4d,0
1076,retrieve,H_02_28,4,#129b4d,3
1077,rocking_chair_2,G_01_10,4,#129b4d,12
1078,rollerskating,A_02_074,4,#129b4d,1
1079,salt_shaker,E_02_100,4,#129b4d,1
1080,sofa,G_03_6,4,#129b4d,0
1081,swing_2,F_02_85,4,#129b4d,0
1082,three,B_01_044,4,#129b4d,0
1083,topic,H_01_103,4,#129b4d,3
1084,tournament,B_03_031,4,#129b4d,0
1085,travel,B_02_089,4,#129b4d,0
1086,TWO,C_02_005,4,#129b4d,0
1087,UPLOAD,C_01_028,4,#129b4d,4
1088,value,H_03_85,4,#129b4d,0
1089,vanilla(adddisambig.mouthing),F_01_22,4,#129b4d,0
1090,very,G_02_101,4,#129b4d,0
1091,vitamins(withdisambig.mouthing),E_01_43,4,#129b4d,7
1092,worse,H_01_11,4,#129b4d,1
1093,animal,B_03_002,51,#26e218,0
1094,dog_4(slapsnap),H_02_103,51,#26e218,0
1095,fine_1,C_01_043,51,#26e218,0
1096,fine_2,D_02_067,51,#26e218,0
1097,have,B_03_057,51,#26e218,2
1098,intuitive,F_01_6,51,#26e218,1
1099,mummy,G_03_77,51,#26e218,3
1100,my,C_01_060,51,#26e218,0
1101,relax,D_03_081,51,#26e218,0
1102,responsibility,B_01_018,51,#26e218,2
1103,rest,B_01_031,51,#26e218,0
1104,shoulder,A_02_055,51,#26e218,24
1105,stomach,C_03_054,51,#26e218,2
1106,announce,C_01_086,116,#ed6f9d,1
1107,smile,D_01_031,116,#ed6f9d,28
1108,antlers,F_01_27,65,#9e011e,22
1109,deer,A_03_060,65,#9e011e,1
1110,hate,F_02_78,65,#9e011e,0
1111,moose,G_02_100,65,#9e011e,1
1112,arizona,J_03_022,132,#b461e8,2
1113,YESTERDAY,D_01_024,132,#b461e8,0
1114,art,C_01_075,113,#48c971,0
1115,draw,D_02_063,113,#48c971,5
1116,sneak_adventure,F_01_57,113,#48c971,1
1117,articulate_sign,J_01_014,46,#45d176,0
1118,cause,D_01_088,46,#45d176,0
1119,drop,C_03_052,46,#45d176,0
1120,juggle,D_01_037,46,#45d176,2
1121,juggler,E_03_51,46,#45d176,11
1122,many,D_03_065,46,#45d176,3
1123,microwave,A_02_043,46,#45d176,7
1124,signing_fluently,F_03_69,46,#45d176,0
1125,throw_away,E_02_70,46,#45d176,2
1126,toss,J_03_009,46,#45d176,0
1127,toss_out,H_02_37,46,#45d176,6
1128,asia,A_01_078,31,#96f2df,0
1129,march,J_01_013,31,#96f2df,2
1130,steam,J_01_011,31,#96f2df,2
1131,yoyo,H_03_16,31,#96f2df,0
1132,ask,B_02_023,83,#a5f7dd,0
1133,come_here_E,H_02_74,83,#a5f7dd,5
1134,finger,G_02_97,83,#a5f7dd,2
1135,one_more_2,J_01_066,83,#a5f7dd,13
1136,qm,J_02_011,83,#a5f7dd,0
1137,assist,J_03_093,21,#c3d858,11
1138,assistant,F_03_76,21,#c3d858,29
1139,mountain,A_01_055,21,#c3d858,1
1140,astronaut,F_02_13,17,#0044d8,2
1141,chisel,F_03_41,17,#0044d8,1
1142,quit,F_01_79,17,#0044d8,1
1143,research,B_03_084,17,#0044d8,0
1144,rocket_1,E_01_16,17,#0044d8,46
1145,rocket_2,E_02_88,17,#0044d8,1
1146,soup,A_01_039,17,#0044d8,6
1147,UNIVERSITY,C_02_063,17,#0044d8,1
1148,autism,F_03_11,176,#ea728e,0
1149,focus,J_03_056,176,#ea728e,0
1150,avoid,E_01_40,142,#d3f29d,0
1151,each,F_02_59,142,#d3f29d,0
1152,far,D_03_007,142,#d3f29d,14
1153,inch,H_01_56,142,#d3f29d,0
1154,most,E_01_85,142,#d3f29d,0
1155,poop,H_03_72,142,#d3f29d,0
1156,superior,J_02_065,142,#d3f29d,3
1157,awake,G_01_78,69,#6a78fc,4
1158,surprise,B_01_013,69,#6a78fc,6
1159,axe_1,F_01_13,60,#deef88,0
1160,axe_2,G_03_66,60,#deef88,4
1161,beaver,F_02_67,60,#deef88,1
1162,table,A_03_025,60,#deef88,27
1163,back,D_03_029,146,#83b8d3,4
1164,backyard,F_03_3,146,#83b8d3,3
1165,hitchhike,J_02_034,146,#83b8d3,0
1166,refrigerator,G_01_1,146,#83b8d3,1
1167,refuse,H_01_62,146,#83b8d3,2
1168,back_out,F_01_41,170,#4ff25d,0
1169,get_off,H_01_93,170,#4ff25d,5
1170,resign(sameas'getoff'),J_01_084,170,#4ff25d,0
1171,badge_1,F_03_96,18,#b7d125,0
1172,guilty,D_03_085,18,#b7d125,12
1173,heart_touch,E_03_97,18,#b7d125,1
1174,heartbody,H_02_63,18,#b7d125,10
1175,lazy,A_02_050,18,#b7d125,0
1176,model_1(fashion),H_02_89,18,#b7d125,1
1177,policeman,A_01_052,18,#b7d125,6
1178,tend_your,G_03_32,18,#b7d125,0
1179,bake_1,A_01_060,25,#ea5dbe,3
1180,bake_2,B_01_051,25,#ea5dbe,0
1181,basic,E_01_101,25,#ea5dbe,2
1182,reduce,E_01_42,25,#ea5dbe,1
1183,balloon,A_02_086,53,#2af7f3,2
1184,bubbles,E_02_52,53,#2af7f3,3
1185,megaphone,G_03_102,53,#2af7f3,1
1186,visualize,H_01_27,53,#2af7f3,11
1187,bandage,F_03_20,159,#1db7af,1
1188,gate_close,E_02_73,159,#1db7af,3
1189,kick,G_03_87,159,#1db7af,0
1190,bank,D_02_032,139,#b3ffa5,1
1191,bullshit,J_03_053,139,#b3ffa5,0
1192,barrette_1,G_01_101,134,#8ad65e,3
1193,duck,D_01_079,134,#8ad65e,0
1194,baseball_cap,G_02_72,28,#ed84cf,0
1195,brush,A_01_072,28,#ed84cf,0
1196,clueless,F_03_82,28,#ed84cf,0
1197,eye-turn,H_03_39,28,#ed84cf,1
1198,face,E_01_53,28,#ed84cf,48
1199,fantasy,J_01_045,28,#ed84cf,0
1200,gallaudet,B_02_010,28,#ed84cf,2
1201,glasses,B_03_036,28,#ed84cf,10
1202,hairdryer,B_02_078,28,#ed84cf,0
1203,handsome_1,F_01_3,28,#ed84cf,0
1204,hatbrim,J_03_106,28,#ed84cf,0
1205,headache,B_01_027,28,#ed84cf,1
1206,hearing,C_02_023,28,#ed84cf,8
1207,hood,H_03_104,28,#ed84cf,0
1208,lipstick,B_02_046,28,#ed84cf,0
1209,look_appearance,B_02_068,28,#ed84cf,0
1210,mouth,C_02_087,28,#ed84cf,9
1211,ooh,H_01_13,28,#ed84cf,0
1212,scar_memory,F_03_89,28,#ed84cf,0
1213,silly,B_01_090,28,#ed84cf,1
1214,suck,F_01_12,28,#ed84cf,45
1215,take_pill,F_01_45,28,#ed84cf,0
1216,teeth,D_01_040,28,#ed84cf,1
1217,tissue,G_02_32,28,#ed84cf,7
1218,toothbrush,D_03_073,28,#ed84cf,2
1219,unaware,H_03_82,28,#ed84cf,17
1220,watch,G_02_78,28,#ed84cf,0
1221,WINK,D_03_094,28,#ed84cf,0
1222,wise,G_02_23,28,#ed84cf,1
1223,WONDER,B_02_076,28,#ed84cf,2
1224,basement,C_01_034,106,#ce5678,20
1225,sauce,F_01_54,106,#ce5678,4
1226,under,E_02_87,106,#ce5678,1
1227,bathroom,A_02_051,50,#0c39ce,5
1228,date_1,G_01_31,50,#0c39ce,0
1229,dessert,F_01_94,50,#0c39ce,0
1230,eight,J_02_099,50,#0c39ce,3
1231,expert(candoanything),J_03_099,50,#0c39ce,2
1232,february,D_01_093,50,#0c39ce,1
1233,maple,H_03_64,50,#0c39ce,0
1234,meditate,J_01_037,50,#0c39ce,1
1235,nine,E_03_8,50,#0c39ce,0
1236,thursday,B_02_045,50,#0c39ce,2
1237,TV,C_02_038,50,#0c39ce,48
1238,wow,F_01_2,50,#0c39ce,0
1239,beach,G_02_29,68,#41d852,8
1240,counselor,B_01_005,68,#41d852,2
1241,effect,G_02_44,68,#41d852,0
1242,influence,H_02_31,68,#41d852,0
1243,run_out_of,G_01_77,68,#41d852,0
1244,beak,G_03_48,181,#68ed90,2
1245,short_distance,H_01_49,181,#68ed90,2
1246,beans,E_02_69,158,#0028a0,0
1247,train_2(practice),J_01_032,158,#0028a0,3
1248,bear,D_03_063,147,#044c75,0
1249,own,D_03_046,147,#044c75,5
1250,bed,A_03_037,14,#97efbe,1
1251,beer,B_03_062,14,#97efbe,0
1252,believe_2,G_02_11,14,#97efbe,2
1253,bitch,H_01_58,14,#97efbe,0
1254,breakfast,F_01_73,14,#97efbe,0
1255,breakfast_2,J_01_053,14,#97efbe,0
1256,brown,D_03_045,14,#97efbe,0
1257,bug,B_01_067,14,#97efbe,7
1258,cabbage,B_01_073,14,#97efbe,3
1259,christmas_2,G_03_97,14,#97efbe,3
1260,cleftchin_2,E_01_45,14,#97efbe,10
1261,color,C_02_039,14,#97efbe,8
1262,confused_1,J_01_110,14,#97efbe,5
1263,daughter,E_02_23,14,#97efbe,20
1264,devil,A_01_079,14,#97efbe,0
1265,dining_room,F_02_49,14,#97efbe,0
1266,dinner,G_03_44,14,#97efbe,0
1267,dirty,C_03_026,14,#97efbe,0
1268,eat_1,B_02_002,14,#97efbe,0
1269,eat_2,B_03_082,14,#97efbe,2
1270,eyes_awake,G_01_41,14,#97efbe,1
1271,farm,B_01_086,14,#97efbe,10
1272,father,B_01_077,14,#97efbe,2
1273,fireman,A_02_039,14,#97efbe,0
1274,firetruck_1,F_02_101,14,#97efbe,2
1275,frustrate,C_02_050,14,#97efbe,20
1276,goatee,G_01_74,14,#97efbe,0
1277,good,B_01_052,14,#97efbe,0
1278,grandfather,B_02_036,14,#97efbe,0
1279,grandmother,C_02_027,14,#97efbe,0
1280,grandparents,H_01_89,14,#97efbe,0
1281,hat,A_02_045,14,#97efbe,11
1282,hear_2(3),J_02_006,14,#97efbe,1
1283,hello,D_02_055,14,#97efbe,1
1284,home,B_03_063,14,#97efbe,1
1285,horse,A_01_029,14,#97efbe,0
1286,howl,J_02_019,14,#97efbe,0
1287,husband,D_01_082,14,#97efbe,0
1288,kiss_on_cheek,F_03_18,14,#97efbe,0
1289,know,C_01_048,14,#97efbe,6
1290,learn_lesson,E_02_41,14,#97efbe,0
1291,lettuce,A_01_083,14,#97efbe,0
1292,lie,B_03_012,14,#97efbe,0
1293,lunch_2,G_02_81,14,#97efbe,3
1294,maid,G_01_44,14,#97efbe,0
1295,make_believe,J_02_097,14,#97efbe,0
1296,man,C_01_040,14,#97efbe,0
1297,mean_3(cruel),J_02_83,14,#97efbe,16
1298,mother,B_02_008,14,#97efbe,0
1299,ocean,G_03_76,14,#97efbe,1
1300,oops,D_03_056,14,#97efbe,1
1301,opinion_2,H_03_101,14,#97efbe,27
1302,pacifier,J_03_069,14,#97efbe,6
1303,parents,B_03_044,14,#97efbe,4
1304,philosophy_2,H_03_95,14,#97efbe,0
1305,picture,A_02_042,14,#97efbe,0
1306,pig,A_02_032,14,#97efbe,1
1307,pirate,A_03_058,14,#97efbe,3
1308,rooster,A_03_051,14,#97efbe,2
1309,shark_1,E_03_23,14,#97efbe,26
1310,son,B_02_086,14,#97efbe,0
1311,stay_awake_24hrs,J_02_060,14,#97efbe,0
1312,straight,E_01_81,14,#97efbe,0
1313,stubborn,B_03_086,14,#97efbe,0
1314,stupid_1,C_01_058,14,#97efbe,5
1315,talk,C_01_008,14,#97efbe,1
1316,WIFE,D_03_025,14,#97efbe,0
1317,WOMAN,C_02_028,14,#97efbe,0
1318,yawn,F_02_79,14,#97efbe,10
1319,bedroom,D_01_056,40,#e58c89,0
1320,dont_know,E_03_49,40,#e58c89,0
1321,pillow,A_02_019,40,#e58c89,1
1322,berry_1,E_01_95,114,#b3fc20,0
1323,cherry,C_01_083,114,#b3fc20,0
1324,best,F_02_62,104,#55d6a2,1
1325,better,F_01_62,104,#55d6a2,4
1326,candy_2,D_02_079,104,#55d6a2,1
1327,cute_1,B_03_087,104,#55d6a2,0
1328,cute_2,C_01_045,104,#55d6a2,0
1329,sweet,J_03_029,104,#55d6a2,1
1330,bib,E_02_103,52,#c879e5,4
1331,necklace,A_02_072,52,#c879e5,1
1332,birth,C_02_076,121,#ad003f,0
1333,fry,H_01_69,121,#ad003f,8
1334,bison,E_02_68,157,#b306d6,0
1335,walrus,E_02_78,157,#b306d6,0
1336,blank,H_02_6,20,#c42d57,0
1337,computer,A_01_054,20,#c42d57,0
1338,contact,D_03_022,20,#c42d57,1
1339,cooperate,E_01_10,20,#c42d57,0
1340,light_weight,C_01_012,20,#c42d57,0
1341,network,J_02_075,20,#c42d57,2
1342,pity,C_03_022,20,#c42d57,6
1343,record,G_01_24,20,#c42d57,6
1344,recording,B_03_089,20,#c42d57,1
1345,sympathy,D_01_090,20,#c42d57,2
1346,bless,G_02_16,43,#6fb3c6,1
1347,brother,B_01_065,43,#6fb3c6,0
1348,dumb,A_02_028,43,#6fb3c6,1
1349,hide,G_02_25,43,#6fb3c6,4
1350,indian,C_03_009,43,#6fb3c6,7
1351,letter,C_01_031,43,#6fb3c6,5
1352,mail,D_02_019,43,#6fb3c6,7
1353,mailman,F_02_82,43,#6fb3c6,5
1354,press_in_mind,E_02_82,43,#6fb3c6,14
1355,remember,C_02_014,43,#6fb3c6,0
1356,remember_2,H_03_38,43,#6fb3c6,1
1357,secret,C_03_076,43,#6fb3c6,21
1358,borrow,B_03_055,76,#d89a0a,1
1359,careful,B_03_039,76,#d89a0a,5
1360,float,E_03_43,76,#d89a0a,2
1361,lend,J_01_088,76,#d89a0a,1
1362,party_1,F_02_1,76,#d89a0a,0
1363,people,C_01_009,76,#d89a0a,0
1364,permission,G_03_93,76,#d89a0a,1
1365,person,B_01_066,76,#d89a0a,2
1366,philadelphia,H_02_23,76,#d89a0a,1
1367,place,G_01_29,76,#d89a0a,10
1368,supervise,J_01_018,76,#d89a0a,0
1369,supervisor,J_02_010,76,#d89a0a,24
1370,take_care,F_03_71,76,#d89a0a,7
1371,two_of_us,H_02_90,76,#d89a0a,20
1372,TYPE,B_01_056,76,#d89a0a,8
1373,visit,H_03_80,76,#d89a0a,1
1374,boss,B_02_052,86,#8f10ef,0
1375,complain,G_01_23,86,#8f10ef,3
1376,itch,J_01_068,86,#8f10ef,5
1377,boy,B_02_090,94,#db6b85,0
1378,boyfriend,G_02_58,94,#db6b85,1
1379,hongkong,G_02_4,94,#db6b85,2
1380,talk_2,H_01_23,94,#db6b85,0
1381,bracelet,A_03_024,59,#f9f0b1,3
1382,handcuffs,G_01_88,59,#f9f0b1,6
1383,WRISTWATCH,B_01_063,59,#f9f0b1,1
1384,brave,B_03_050,93,#11bfdd,5
1385,health,B_02_083,93,#11bfdd,0
1386,buffalo,F_03_33,15,#3b2ea0,0
1387,cow,A_01_033,15,#3b2ea0,0
1388,bulldozer,E_01_83,6,#e09335,0
1389,buy,D_03_074,6,#e09335,0
1390,church,C_02_018,6,#e09335,9
1391,coins,D_01_018,6,#e09335,23
1392,credit_card,B_02_057,6,#e09335,0
1393,cup,A_01_010,6,#e09335,0
1394,document,H_01_97,6,#e09335,0
1395,elevator_2,G_03_36,6,#e09335,1
1396,eraser,C_01_072,6,#e09335,7
1397,evidence,G_03_103,6,#e09335,15
1398,glass,E_01_90,6,#e09335,0
1399,model_2,J_02_005,6,#e09335,0
1400,money,C_01_042,6,#e09335,0
1401,none,J_02_046,6,#e09335,14
1402,passport,E_01_103,6,#e09335,0
1403,talk_dirty,H_02_46,6,#e09335,1
1404,buttons,F_02_25,13,#f98c0e,1
1405,navel,E_03_7,13,#f98c0e,0
1406,shirt,A_01_028,13,#f98c0e,7
1407,cake,D_01_033,88,#65f954,1
1408,new,B_02_070,88,#65f954,0
1409,paragraph,E_02_90,88,#65f954,0
1410,rake,D_03_021,88,#65f954,0
1411,rough,F_01_28,88,#65f954,3
1412,stack,J_01_096,88,#65f954,14
1413,call_tty,B_03_026,96,#e25f65,0
1414,from,D_01_059,96,#e25f65,2
1415,cancer_1,G_03_56,150,#dd3918,0
1416,off,E_01_27,150,#dd3918,0
1417,ok,F_03_80,150,#dd3918,0
1418,opportunity,J_02_090,150,#dd3918,0
1419,cannot,E_02_94,82,#7cef43,0
1420,joke,G_03_86,82,#7cef43,0
1421,knife,B_02_011,82,#7cef43,5
1422,plus,J_03_045,82,#7cef43,9
1423,positive,J_02_050,82,#7cef43,1
1424,regular,J_01_067,82,#7cef43,0
1425,ruin,G_02_60,82,#7cef43,15
1426,shame_on_you,H_01_66,82,#7cef43,3
1427,specialist,H_01_38,82,#7cef43,12
1428,tease,D_02_090,82,#7cef43,6
1429,thermometer,D_02_012,82,#7cef43,2
1430,thunder,F_03_15,82,#7cef43,1
1431,to,E_03_86,82,#7cef43,0
1432,cards,J_03_065,187,#ad9393,4
1433,SHARPEN,H_03_60,187,#ad9393,0
1434,catholic,B_03_052,102,#8cdd6c,0
1435,handsome_2,G_01_98,102,#8cdd6c,2
1436,hawaii,J_03_054,102,#8cdd6c,8
1437,lipreading,E_03_47,102,#8cdd6c,5
1438,reason,C_01_076,102,#8cdd6c,2
1439,champ,J_03_030,160,#958cdb,0
1440,mushroom,E_02_89,160,#958cdb,1
1441,charge_card_1,E_02_56,153,#f280a8,1
1442,validate,H_03_51,153,#f280a8,0
1443,cheat_1,A_02_008,37,#724faf,0
1444,fork,E_01_49,37,#724faf,0
1445,holy,G_01_72,37,#724faf,4
1446,honest,B_01_028,37,#724faf,0
1447,jump,C_02_089,37,#724faf,14
1448,kneel,C_03_021,37,#724faf,0
1449,label,J_02_105,37,#724faf,0
1450,lay_down,J_02_004,37,#724faf,0
1451,lose,D_03_064,37,#724faf,10
1452,lose_game,C_02_009,37,#724faf,0
1453,park,E_03_28,37,#724faf,0
1454,ride_2(vb),J_03_026,37,#724faf,0
1455,sink,E_02_42,37,#724faf,0
1456,stand,E_02_11,37,#724faf,0
1457,stand_up,J_03_070,37,#724faf,1
1458,sushi,D_03_092,37,#724faf,6
1459,ticket,E_02_29,37,#724faf,0
1460,two_weeks,J_03_066,37,#724faf,4
1461,chopsticks,G_01_63,16,#f138f7,5
1462,scissors,A_01_038,16,#f138f7,3
1463,christmas_3(1-handed),J_03_061,143,#88f4fc,22
1464,YOUNG,D_03_013,143,#88f4fc,2
1465,cigar,B_02_055,87,#d13896,0
1466,raisin,E_03_19,87,#d13896,4
1467,client,J_01_031,105,#87d7ff,11
1468,hungry,C_01_010,105,#87d7ff,1
1469,switzerland,F_01_9,105,#87d7ff,0
1470,vest,J_03_050,105,#87d7ff,1
1471,WISH,C_01_053,105,#87d7ff,5
1472,clown,A_03_026,29,#fce837,1
1473,corn_2,C_02_026,29,#fce837,0
1474,cousin,C_01_023,29,#fce837,0
1475,mirror,A_03_034,29,#fce837,14
1476,radio,A_01_075,29,#fce837,7
1477,seem,F_01_43,29,#fce837,48
1478,yay,J_01_030,29,#fce837,0
1479,cocacola,D_02_040,140,#618401,1
1480,inject,D_03_009,140,#618401,0
1481,shot,E_01_13,140,#618401,13
1482,cocaine,F_03_44,129,#8050c4,1
1483,girl,C_03_073,129,#8050c4,0
1484,cold,C_02_068,115,#1679e2,0
1485,exercise,C_01_084,115,#1679e2,0
1486,strong,G_03_27,115,#1679e2,0
1487,towel,F_01_7,115,#1679e2,1
1488,come_out,E_02_20,85,#3828a0,1
1489,erupt,H_03_17,85,#3828a0,1
1490,gone,G_03_51,85,#3828a0,5
1491,grow,B_02_042,85,#3828a0,0
1492,missing,E_02_17,85,#3828a0,0
1493,out,E_02_66,85,#3828a0,0
1494,plant,E_01_29,85,#3828a0,21
1495,spring,E_03_74,85,#3828a0,1
1496,committee,J_03_072,175,#6de0c7,1
1497,member,F_02_46,175,#6de0c7,0
1498,concerned,G_02_47,155,#e812b2,1
1499,depress,E_02_59,155,#e812b2,0
1500,event,F_03_49,155,#e812b2,0
1501,excited,H_01_102,155,#e812b2,1
1502,tendency,G_03_89,155,#e812b2,18
1503,confidential,G_02_22,79,#a0e8e6,6
1504,deny,D_02_039,79,#a0e8e6,1
1505,dislike,F_03_6,79,#a0e8e6,0
1506,everyday,E_01_84,79,#a0e8e6,0
1507,not,E_01_100,79,#a0e8e6,0
1508,nut,D_02_073,79,#a0e8e6,0
1509,patient_2,B_01_085,79,#a0e8e6,2
1510,patient_3,D_02_056,79,#a0e8e6,0
1511,peanut_butter,E_02_77,79,#a0e8e6,0
1512,cool_2,G_03_45,66,#9df2b2,7
1513,flute,E_02_36,66,#9df2b2,1
1514,microscope,A_03_076,66,#9df2b2,2
1515,ponder,H_01_43,66,#9df2b2,0
1516,CRANKY,H_02_104,185,#fcdf9c,0
1517,why_not,H_02_34,185,#fcdf9c,3
1518,cry,B_03_028,97,#cc2ab3,20
1519,tear,C_02_016,97,#cc2ab3,0
1520,dance,B_02_063,11,#02cefc,4
1521,dancer,A_02_034,11,#02cefc,6
1522,garage,A_03_022,11,#02cefc,2
1523,read,A_01_022,11,#02cefc,0
1524,danger,E_02_67,156,#dd5ad2,19
1525,page,G_01_70,156,#dd5ad2,2
1526,sculpt,J_01_028,156,#dd5ad2,0
1527,sculpture,E_03_45,156,#dd5ad2,6
1528,stamp_1,G_02_98,156,#dd5ad2,0
1529,definition,G_02_61,107,#ed8ee3,0
1530,mean_2,C_01_046,107,#ed8ee3,4
1531,dentist,A_01_014,8,#d2d852,0
1532,kiss_fist,J_03_038,8,#d2d852,4
1533,punch_face,J_01_051,8,#d2d852,13
1534,shave,B_03_017,8,#d2d852,0
1535,destroy,E_03_52,144,#9be837,5
1536,marry,F_02_7,144,#9be837,0
1537,WEDDING,D_03_015,144,#9be837,0
1538,different_situation,J_01_075,44,#abfc6a,9
1539,first,C_01_033,44,#abfc6a,0
1540,green,B_02_085,44,#abfc6a,0
1541,green_beans,G_02_1,44,#abfc6a,1
1542,party_2,G_02_59,44,#abfc6a,22
1543,pitcher,G_01_28,44,#abfc6a,0
1544,pizza_1,G_01_13,44,#abfc6a,10
1545,play,C_01_066,44,#abfc6a,20
1546,players,G_03_62,44,#abfc6a,1
1547,playground,A_02_029,44,#abfc6a,5
1548,square_idiot,J_01_062,44,#abfc6a,5
1549,toy,E_01_64,44,#abfc6a,45
1550,"turn(take_turn,alternate)",J_01_065,44,#abfc6a,19
1551,YELLOW,D_01_020,44,#abfc6a,0
1552,disappear,D_01_036,35,#a0d4ef,1
1553,drill,D_02_044,35,#a0d4ef,0
1554,escape,G_01_12,35,#a0d4ef,10
1555,flipflops,F_03_77,35,#a0d4ef,6
1556,sandals,A_02_004,35,#a0d4ef,8
1557,dissect,J_03_019,36,#b396dd,3
1558,erase,J_03_085,36,#b396dd,2
1559,help,D_01_042,36,#b396dd,4
1560,lead,J_01_046,36,#b396dd,22
1561,scrub,E_02_86,36,#b396dd,5
1562,surgeon,A_02_007,36,#b396dd,6
1563,surgery,H_03_46,36,#b396dd,0
1564,wash_dishes,F_01_70,36,#b396dd,4
1565,dog,A_01_056,22,#0d1499,1
1566,dog_3(slap),J_02_068,22,#0d1499,1
1567,dont_like,F_01_33,169,#61e021,7
1568,like,F_03_63,169,#61e021,0
1569,double,H_03_84,39,#dd9116,6
1570,kitchen,A_02_016,39,#dd9116,2
1571,dragon,F_01_11,167,#3531a5,0
1572,spicy,J_03_036,167,#3531a5,0
1573,dream,B_02_044,84,#fcfc32,0
1574,summer,B_02_037,84,#fcfc32,5
1575,drunk,C_03_077,130,#fcbde0,8
1576,tomorrow,F_02_40,130,#fcbde0,1
1577,earmuffs,F_03_16,109,#ffc7c6,0
1578,headphones,C_01_054,109,#ffc7c6,2
1579,earring,C_03_011,125,#b4ed8b,1
1580,stethoscope,D_03_028,125,#b4ed8b,1
1581,either,J_01_085,78,#fce483,0
1582,salt,B_01_069,78,#fce483,0
1583,eleven,E_01_52,151,#47ed25,0
1584,waterdrop,H_01_19,151,#47ed25,12
1585,emphasis,F_03_86,174,#e8844e,0
1586,impress,F_02_32,174,#e8844e,3
1587,enjoy,D_03_033,81,#96d308,0
1588,please,B_02_007,81,#96d308,1
1589,enough,D_01_084,136,#ebf9a4,6
1590,fired,J_03_058,136,#ebf9a4,4
1591,full,D_02_048,136,#ebf9a4,1
1592,plenty,E_01_14,136,#ebf9a4,4
1593,expensive,C_01_064,111,#ff72c6,3
1594,shop_1,C_03_075,111,#ff72c6,2
1595,faculty,J_02_061,186,#8826c1,2
1596,volunteer,H_02_62,186,#8826c1,1
1597,fail,H_01_77,183,#e8a586,4
1598,keep,H_03_5,183,#e8a586,5
1599,fall_2,C_03_007,124,#c0d1f7,0
1600,flip,H_02_88,124,#c0d1f7,0
1601,look_away,F_02_98,124,#c0d1f7,1
1602,third_2,J_02_072,124,#c0d1f7,0
1603,transfer,J_03_028,124,#c0d1f7,7
1604,fan,F_03_55,49,#24b775,2
1605,propeller_1,F_01_38,49,#24b775,0
1606,WINDMILL,A_02_048,49,#24b775,13
1607,fault,C_01_051,108,#adf97a,0
1608,our,G_02_67,108,#adf97a,5
1609,feel,C_02_001,117,#1bf947,0
1610,sensitive,J_02_091,117,#1bf947,12
1611,film,B_01_037,72,#ffb642,0
1612,VIDEOCAMERA,B_03_006,72,#ffb642,0
1613,fly,D_03_070,24,#5df7aa,1
1614,pants,A_01_058,24,#5df7aa,7
1615,penguin,F_01_88,24,#5df7aa,0
1616,scared,B_03_079,24,#5df7aa,5
1617,self,H_01_15,24,#5df7aa,7
1618,side,J_03_055,24,#5df7aa,0
1619,fool,J_02_102,67,#bfc2ff,47
1620,gas,A_03_090,67,#bfc2ff,19
1621,polish,J_01_086,67,#bfc2ff,0
1622,yourself,E_02_81,67,#bfc2ff,10
1623,fun,E_02_57,154,#77ffe6,3
1624,hamster_1,E_03_73,154,#77ffe6,12
1625,funny,E_03_38,164,#d4f9a9,27
1626,tongue,G_03_57,164,#d4f9a9,0
1627,get_information_out_of,E_01_57,152,#f92aad,8
1628,grind,J_02_094,152,#f92aad,0
1629,glove,A_02_087,54,#ed25ed,1
1630,slow,B_02_041,54,#ed25ed,6
1631,goat,A_02_024,42,#61e8e8,0
1632,nerve,G_02_45,42,#61e8e8,20
1633,grab,E_03_39,161,#6fdbd4,5
1634,soft,E_03_13,161,#6fdbd4,1
1635,graduate,B_03_081,103,#edc082,0
1636,middle,H_01_39,103,#edc082,1
1637,graduate_school,H_02_52,127,#e2b285,0
1638,nurse,C_03_065,127,#e2b285,19
1639,grenade,E_02_10,41,#e8c253,48
1640,UMBRELLA,A_02_022,41,#e8c253,1
1641,guess_1,C_01_057,110,#d65046,0
1642,guess_2,D_02_013,110,#d65046,13
1643,guillotine_1,G_01_8,172,#c41da5,0
1644,guillotine_2,F_01_93,172,#c41da5,0
1645,haircut,C_02_081,122,#d67968,0
1646,hairdresser,G_03_16,122,#d67968,1
1647,halloween_2,G_02_35,122,#d67968,0
1648,hen,G_02_41,120,#2c2ec9,0
1649,high_school,C_02_060,120,#2c2ec9,6
1650,hold_accountable,E_03_93,99,#49e560,0
1651,memorize_memorize,E_03_10,99,#49e560,4
1652,pretty,C_01_022,99,#49e560,0
1653,sleep,B_03_037,99,#49e560,1
1654,homework,A_03_003,55,#a354f2,0
1655,kiss,D_02_014,55,#a354f2,1
1656,hop,E_03_25,162,#ddf492,2
1657,journey,E_03_37,162,#ddf492,5
1658,humor,H_03_63,73,#c3dd30,5
1659,look_at,B_01_041,73,#c3dd30,21
1660,look_back,J_01_094,73,#c3dd30,23
1661,look_forward,F_02_22,73,#c3dd30,4
1662,makeup,G_03_71,73,#c3dd30,0
1663,mexican_1,J_02_045,73,#c3dd30,1
1664,rat,D_02_081,73,#c3dd30,0
1665,reflect,E_03_36,73,#c3dd30,0
1666,stare,G_01_34,73,#c3dd30,0
1667,hurdle_1,F_02_12,173,#ccccff,0
1668,hurdle_2,G_01_36,173,#ccccff,0
1669,imagine,B_03_018,95,#72b52b,1
1670,interview,H_02_54,95,#72b52b,0
1671,inside,H_01_47,178,#e5d779,23
1672,save_money,G_02_74,178,#e5d779,0
1673,kindergarten,H_03_62,179,#b5070a,1
1674,program,G_02_84,179,#b5070a,0
1675,kitten,J_01_092,112,#88eada,3
1676,penis,F_03_95,112,#88eada,1
1677,pink,C_01_074,112,#88eada,3
1678,knitting,D_03_071,135,#f2caa4,1
1679,translate,D_01_080,135,#f2caa4,0
1680,law,F_03_78,56,#f7e2be,7
1681,lawyer,A_03_007,56,#f7e2be,2
1682,learn,B_01_042,38,#80f7aa,0
1683,student,A_02_012,38,#80f7aa,2
1684,lemon,A_01_069,27,#76c433,5
1685,WHO,C_01_041,27,#76c433,0
1686,lesson,D_03_083,133,#1f64d3,1
1687,list,D_01_041,133,#1f64d3,4
1688,let_me_see,E_01_92,118,#531ca0,3
1689,see,C_02_030,118,#531ca0,1
1690,see_see,J_03_004,118,#531ca0,0
1691,videocamera_2(eye),J_01_104,118,#531ca0,0
1692,we_will_see,F_03_27,118,#531ca0,0
1693,long,G_01_59,119,#b2ffbb,0
1694,punish,C_02_041,119,#b2ffbb,1
1695,loyal,D_03_017,145,#45c436,2
1696,quality,J_02_095,145,#45c436,3
1697,magnify,G_01_73,177,#ecef8d,0
1698,theory_1(t),J_03_042,177,#ecef8d,7
1699,massage,H_01_100,182,#74db9f,7
1700,vanish,H_02_98,182,#74db9f,0
1701,meat_2,F_03_21,141,#403f9e,0
1702,steak,D_02_041,141,#403f9e,0
1703,mechanic_1,A_03_030,61,#a2f9bc,4
1704,mechanic_2,D_01_066,61,#a2f9bc,3
1705,melon,G_03_25,180,#fc6749,2
1706,pumpkin,H_02_56,180,#fc6749,0
1707,music,A_01_080,32,#7936af,8
1708,sing,D_03_075,32,#7936af,5
1709,naked,H_01_87,184,#388393,2
1710,space,H_03_93,184,#388393,4
1711,neck_1,F_02_81,128,#e928ff,0
1712,thirsty,C_03_071,128,#e928ff,0
1713,neutral,A_03_021,58,#e09e84,4
1714,north,C_01_080,58,#e09e84,0
1715,newspaper,D_02_053,74,#88d8ea,0
1716,print,B_01_045,74,#88d8ea,4
1717,orange_eyes,E_03_87,34,#3eadab,1
1718,shower,A_02_001,34,#3eadab,1
1719,orange_throat,F_02_39,23,#ea70c6,3
1720,snow,A_01_057,23,#ea70c6,21
1721,white,E_03_46,23,#ea70c6,0
1722,white_person,J_02_043,23,#ea70c6,0
1723,pair,H_03_31,126,#d70cf2,0
1724,squirrel,C_03_020,126,#d70cf2,6
1725,pickle_1,H_03_98,64,#d337ce,0
1726,secretary,A_03_059,64,#d337ce,0
1727,pill,B_01_050,75,#7aefc2,0
1728,Q_tip,F_03_74,75,#7aefc2,0
1729,UNDERSTAND,C_01_006,75,#7aefc2,2
1730,president,D_02_016,45,#0eefa0,0
1731,teacher,A_02_033,45,#0eefa0,0
1732,prince,E_01_3,98,#453591,0
1733,religion,B_03_029,98,#453591,0
1734,psychologist,A_03_010,57,#175f70,0
1735,psychology,F_02_74,57,#175f70,0
1736,single_out,J_01_061,57,#175f70,1
1737,react,H_03_65,188,#e2dd44,7
1738,respect,J_01_029,188,#e2dd44,1
1739,register,F_01_21,168,#48f284,0
1740,rule,F_02_91,168,#48f284,2
1741,relationship,B_01_023,70,#86e26f,7
1742,sew,B_02_073,70,#86e26f,19
1743,scream,E_03_27,163,#ee13f2,0
1744,shout,J_03_005,163,#ee13f2,0
1745,screwdriver,D_02_023,138,#a3e25a,4
1746,sign_paper,H_03_94,138,#a3e25a,7
1747,signature,F_01_69,138,#a3e25a,0
1748,script,H_03_81,171,#e2968c,0
1749,stamp_2,F_03_93,171,#e2968c,3
1750,state,F_01_86,171,#e2968c,2
1751,shake_1,G_01_62,91,#f9937f,13
1752,stress,B_02_075,91,#f9937f,7
1753,sharp_2,H_01_105,137,#bdeef9,0
1754,shiny,D_01_091,137,#bdeef9,11
1755,snob,B_03_042,100,#03ed00,0
1756,sophisticated,G_02_83,100,#03ed00,0
1757,snowman,G_03_73,165,#b4e3f7,5
1758,snowsuit,E_03_5,165,#b4e3f7,0
1759,steal,C_02_019,80,#c41b6d,0
1760,thief_2,B_01_087,80,#c41b6d,2
1761,strict,C_01_047,48,#9daa27,0
1762,WHISTLE,A_02_046,48,#9daa27,29
1763,sweatpants,F_02_42,149,#2ab2ab,0
1764,sweatshirt,E_01_18,149,#2ab2ab,1
1765,tie,A_01_013,7,#8ba9e5,0
1766,us,H_03_55,7,#8ba9e5,4
1767,trouble,B_03_048,101,#27ba8e,0
1768,WORRY,C_02_015,101,#27ba8e,2
1769,vision,J_01_025,189,#f7e37e,22
1770,visitor,J_01_097,189,#f7e37e,1
