,EntryID,Code,group_id,color_code
0,&=arms-cross,J_01_098,,#1eb2ad
1,&=clap,J_02_076,,#1eb2ad
2,&=raise-hand,H_02_48,,#1eb2ad
3,&=sigh,H_03_86,,#1eb2ad
4,1_dollar,C_02_025,,#1eb2ad
5,5_dollars,B_01_062,0.0,#fff587
6,8_hour,C_02_055,,#1eb2ad
7,9_oclock,C_02_080,92.0,#f961a3
8,A-LINE_BOB,K_03_127,,#1eb2ad
9,a_little_bit,H_03_25,9.0,#cce07b
10,abbreviate(short),G_01_40,,#1eb2ad
11,about_1,B_02_072,90.0,#d657bc
12,about_2,B_02_003,,#1eb2ad
13,absolutely_nothing,J_01_027,165.0,#f7cd96
14,accent,E_01_73,,#1eb2ad
15,accept,H_02_42,,#1eb2ad
16,access,H_02_86,147.0,#3835fc
17,accident,B_02_059,34.0,#1049ce
18,accomplish,C_02_085,123.0,#5ecedb
19,accordion,F_02_48,27.0,#9d7fd1
20,accountant,A_03_044,62.0,#4ed36d
21,acquire,H_01_34,20.0,#25e866
22,act,B_02_038,47.0,#012b5b
23,action,C_01_026,12.0,#5a81ce
24,actor,A_03_047,47.0,#012b5b
25,add,E_02_30,,#1eb2ad
26,addict,H_02_73,11.0,#75e594
27,address,D_01_016,47.0,#012b5b
28,admire,J_03_049,,#1eb2ad
29,admit,J_02_062,63.0,#ade861
30,adopt,J_03_014,34.0,#1049ce
31,adult,C_03_008,31.0,#edaaa1
32,advantage,H_03_59,71.0,#7ba3ed
33,advertise,J_03_015,,#1eb2ad
34,africa,A_02_082,12.0,#5a81ce
35,after,B_02_030,,#1eb2ad
36,afternoon,J_01_040,0.0,#fff587
37,again,J_02_013,,#1eb2ad
38,against,H_03_3,1.0,#9fa9f4
39,age,B_02_071,89.0,#22e84a
40,agency,H_01_44,9.0,#cce07b
41,agreement,C_02_078,4.0,#f9c2c6
42,airplane,D_03_068,8.0,#a8ffe3
43,alarm,C_01_085,62.0,#4ed36d
44,alaska,H_02_87,,#1eb2ad
45,alcohol,E_03_12,,#1eb2ad
46,align,H_02_22,2.0,#ba98f2
47,all,C_03_088,130.0,#5ab70e
48,all_day,H_02_93,15.0,#077741
49,all_gone,J_03_021,31.0,#edaaa1
50,all_of_sudden,H_01_96,0.0,#fff587
51,all_over,J_02_064,15.0,#077741
52,all_over_body,H_03_78,2.0,#ba98f2
53,all_together,J_01_044,,#1eb2ad
54,all_way,H_01_84,15.0,#077741
55,allergy,G_03_72,8.0,#a8ffe3
56,alone,D_02_024,8.0,#a8ffe3
57,alone_2,H_01_1,77.0,#8ed5e5
58,alphabet,B_02_024,9.0,#cce07b
59,alright,J_03_025,1.0,#9fa9f4
60,always,J_03_076,8.0,#a8ffe3
61,amazing,D_02_093,31.0,#edaaa1
62,america,C_02_006,2.0,#ba98f2
63,analyze,G_02_75,3.0,#75e57c
64,and,B_03_072,34.0,#1049ce
65,angel,A_03_085,,#1eb2ad
66,angry,B_01_070,63.0,#ade861
67,animal,B_03_002,51.0,#f2d682
68,announce,C_01_086,116.0,#4b04d1
69,answer,E_03_65,,#1eb2ad
70,antlers,F_01_27,65.0,#f2a4e7
71,any,G_01_16,9.0,#cce07b
72,anyone,H_01_59,9.0,#cce07b
73,apart,E_02_33,2.0,#ba98f2
74,appear,C_03_064,,#1eb2ad
75,apple,A_03_054,4.0,#f9c2c6
76,appointment,C_01_088,,#1eb2ad
77,april,H_02_70,9.0,#cce07b
78,archeology,G_03_60,,#1eb2ad
79,area,H_02_15,,#1eb2ad
80,argue,F_03_72,8.0,#a8ffe3
81,arizona,J_03_022,131.0,#e6f29b
82,arm,C_03_043,,#1eb2ad
83,ARM_2,K_01_095,,#1eb2ad
84,ARM_3,K_02_002,,#1eb2ad
85,army,B_01_059,47.0,#012b5b
86,arrest_1,H_03_74,9.0,#cce07b
87,ARREST_2,K_01_023,,#1eb2ad
88,ARREST_3,K_03_036,,#1eb2ad
89,arrive,D_01_073,130.0,#5ab70e
90,art,C_01_075,113.0,#ad06e5
91,article,J_02_041,,#1eb2ad
92,articulate_sign,J_01_014,27.0,#9d7fd1
93,asia,A_01_078,32.0,#eacf75
94,ask,B_02_023,83.0,#3ff47c
95,assembly,J_03_096,47.0,#012b5b
96,assign,H_02_36,,#1eb2ad
97,assist,J_03_093,22.0,#ea98e2
98,assistant,F_03_76,22.0,#ea98e2
99,astronaut,F_02_13,18.0,#ce7e42
100,at,J_01_055,1.0,#9fa9f4
101,athlete,J_03_068,9.0,#cce07b
102,ATLANTA,K_03_107,,#1eb2ad
103,attention,A_03_089,,#1eb2ad
104,attitude,J_03_091,,#1eb2ad
105,audience,F_01_72,2.0,#ba98f2
106,auditorium,F_02_21,12.0,#5a81ce
107,aunt,E_02_27,,#1eb2ad
108,australia,J_03_035,20.0,#25e866
109,autism,F_03_11,175.0,#cc8fea
110,autism_2,K_01_040,,#1eb2ad
111,automatic,J_01_048,,#1eb2ad
112,average,G_03_50,1.0,#9fa9f4
113,avoid,E_01_40,141.0,#edd7a3
114,awake,G_01_78,69.0,#f22b9f
115,AWARD,K_01_114,,#1eb2ad
116,away,F_02_71,,#1eb2ad
117,awkward,B_01_022,2.0,#ba98f2
118,axe_1,F_01_13,60.0,#b2ffc5
119,axe_2,G_03_66,60.0,#b2ffc5
120,baby,C_01_017,2.0,#ba98f2
121,BABY_2,K_01_042,,#1eb2ad
122,babysitter,F_03_61,2.0,#ba98f2
123,bachelor,E_01_59,,#1eb2ad
124,back,D_03_029,145.0,#cbf4a1
125,back_out,F_01_41,169.0,#9bf7eb
126,backpack_1,G_03_91,,#1eb2ad
127,backpack_2,G_01_64,47.0,#012b5b
128,backyard,F_03_3,145.0,#cbf4a1
129,bacon,A_03_073,2.0,#ba98f2
130,bad,B_02_082,,#1eb2ad
131,badge_1,F_03_96,19.0,#0c48cc
132,bag,A_01_064,27.0,#9d7fd1
133,BAG_2,K_02_015,,#1eb2ad
134,bake_1,A_01_060,26.0,#f9d566
135,bake_2,B_01_051,26.0,#f9d566
136,balance,C_02_046,2.0,#ba98f2
137,bald,F_02_100,,#1eb2ad
138,ball,C_02_044,2.0,#ba98f2
139,balloon,A_02_086,53.0,#ffa393
140,banana,A_03_002,,#1eb2ad
141,BANANA_2,K_02_097,,#1eb2ad
142,BANANA_3,K_03_014,,#1eb2ad
143,BANANA_4,K_01_061,,#1eb2ad
144,band_aid_1,F_02_20,,#1eb2ad
145,bandage,F_03_20,158.0,#9d68cc
146,bandaid,H_01_88,,#1eb2ad
147,bank,D_02_032,138.0,#260da5
148,bar,A_03_072,,#1eb2ad
149,barely,H_03_37,11.0,#75e594
150,bark,J_02_051,2.0,#ba98f2
151,BARK_2,K_01_074,,#1eb2ad
152,BARK_3,K_02_096,,#1eb2ad
153,barrette_1,G_01_101,133.0,#87abf2
154,baseball,A_03_043,27.0,#9d7fd1
155,baseball_cap,G_02_72,29.0,#68e8cc
156,basement,C_01_034,106.0,#33bf2b
157,basic,E_01_101,26.0,#f9d566
158,basket_1,G_03_70,,#1eb2ad
159,basket_2,E_01_60,12.0,#5a81ce
160,basketball,A_03_045,0.0,#fff587
161,basketball_2,H_02_4,15.0,#077741
162,BASKETBALL_2,K_01_013,,#1eb2ad
163,baster_1,G_03_53,0.0,#fff587
164,bat_1,F_03_43,,#1eb2ad
165,bat_2,E_01_21,27.0,#9d7fd1
166,bat_3,F_02_28,27.0,#9d7fd1
167,bath,B_01_019,47.0,#012b5b
168,bathroom,A_02_051,50.0,#281c96
169,BATHTUB,K_02_101,,#1eb2ad
170,battery,D_02_089,8.0,#a8ffe3
171,beach,G_02_29,68.0,#d65e74
172,beak,G_03_48,180.0,#a423d3
173,beanie,E_03_91,,#1eb2ad
174,beans,E_02_69,157.0,#6dcece
175,bear,D_03_063,146.0,#edf98b
176,beard,C_03_085,31.0,#edaaa1
177,beat,D_03_020,27.0,#9d7fd1
178,beaver,F_02_67,60.0,#b2ffc5
179,because,B_01_049,,#1eb2ad
180,become,H_02_8,12.0,#5a81ce
181,bed,A_03_037,14.0,#fc46d8
182,BED_2,K_03_004,,#1eb2ad
183,bedroom,D_01_056,41.0,#2469d8
184,bee,E_03_18,11.0,#75e594
185,bee_2(ck),J_02_101,11.0,#75e594
186,beer,B_03_062,14.0,#fc46d8
187,before,G_02_53,1.0,#9fa9f4
188,beg,F_02_37,0.0,#fff587
189,behavior,C_02_036,2.0,#ba98f2
190,behind,B_02_048,,#1eb2ad
191,believe,D_02_049,4.0,#f9c2c6
192,believe_2,G_02_11,14.0,#fc46d8
193,bell,G_02_18,62.0,#4ed36d
194,belt,A_03_036,,#1eb2ad
195,belt_3,E_02_93,,#1eb2ad
196,bend,G_03_31,20.0,#25e866
197,benefit,C_02_056,,#1eb2ad
198,berry_1,E_01_95,114.0,#3047ba
199,best,F_02_62,104.0,#8ebbe2
200,bet,F_02_27,,#1eb2ad
201,better,F_01_62,104.0,#8ebbe2
202,between,J_03_003,1.0,#9fa9f4
203,bib,E_02_103,52.0,#82badd
204,bicycle,D_02_026,27.0,#9d7fd1
205,big,F_02_54,8.0,#a8ffe3
206,bind,E_03_92,,#1eb2ad
207,binoculars,A_03_074,31.0,#edaaa1
208,biology,A_02_015,2.0,#ba98f2
209,bird,A_01_041,,#1eb2ad
210,birth,C_02_076,121.0,#666060
211,birthday,D_01_054,11.0,#75e594
212,bison,E_02_68,156.0,#8ac6d8
213,bitch,H_01_58,14.0,#fc46d8
214,BITE,K_02_045,,#1eb2ad
215,bite,G_02_99,,#1eb2ad
216,BITE_ON_ARM,K_03_082,,#1eb2ad
217,bite_on_neck,E_03_35,,#1eb2ad
218,black,B_02_006,11.0,#75e594
219,BLACKBIRD,K_03_124,,#1eb2ad
220,blame,G_01_5,,#1eb2ad
221,blank,H_02_6,21.0,#5f4dbc
222,blanket,A_03_032,,#1eb2ad
223,bleed,J_03_075,4.0,#f9c2c6
224,bless,G_02_16,44.0,#809ee5
225,blind,B_01_016,,#1eb2ad
226,blinds_1,B_02_081,,#1eb2ad
227,blinds_2,C_03_014,2.0,#ba98f2
228,blink,G_02_55,,#1eb2ad
229,blond,E_02_102,4.0,#f9c2c6
230,blood,C_01_087,4.0,#f9c2c6
231,bloom,G_03_14,34.0,#1049ce
232,blouse,J_02_104,,#1eb2ad
233,blow,E_02_96,,#1eb2ad
234,BLOW_CANDLE_1,K_01_070,,#1eb2ad
235,BLOW_CANDLE_2,K_02_022,,#1eb2ad
236,blow_mind,F_02_45,4.0,#f9c2c6
237,blue,C_02_062,0.0,#fff587
238,blur,J_03_088,,#1eb2ad
239,blush,J_03_100,,#1eb2ad
240,board,J_01_105,,#1eb2ad
241,boat,D_01_055,2.0,#ba98f2
242,body,B_01_047,,#1eb2ad
243,boil,G_03_101,2.0,#ba98f2
244,BOIL_2,K_03_054,,#1eb2ad
245,boiling_mad,H_02_25,,#1eb2ad
246,bolt,F_01_89,,#1eb2ad
247,bomb,F_02_55,,#1eb2ad
248,bone,C_03_015,3.0,#75e57c
249,book,A_01_027,12.0,#5a81ce
250,boomerang,E_01_37,,#1eb2ad
251,boots,C_03_019,2.0,#ba98f2
252,BOOTS_2,K_03_101,,#1eb2ad
253,bored,B_01_017,11.0,#75e594
254,BORED_2,K_03_122,,#1eb2ad
255,borrow,B_03_055,76.0,#474ed3
256,boss,B_02_052,86.0,#a52615
257,boston,J_03_001,15.0,#077741
258,both,H_01_76,,#1eb2ad
259,bother,H_01_40,1.0,#9fa9f4
260,bottle,D_02_064,,#1eb2ad
261,bottom_2,F_01_66,0.0,#fff587
262,bounce,H_03_57,15.0,#077741
263,bow_1,F_03_65,,#1eb2ad
264,bow_2,G_02_63,20.0,#25e866
265,bow_3,F_01_60,,#1eb2ad
266,BOW_4,K_02_016,,#1eb2ad
267,bowl,C_03_049,12.0,#5a81ce
268,bowling,A_02_003,12.0,#5a81ce
269,BOWLING_2,K_01_067,,#1eb2ad
270,bowtie,A_01_044,,#1eb2ad
271,box,C_03_025,2.0,#ba98f2
272,boxing,F_03_50,27.0,#9d7fd1
273,boy,B_02_090,94.0,#fc99bf
274,boyfriend,G_02_58,94.0,#fc99bf
275,bra,A_03_028,,#1eb2ad
276,BRA_2,K_01_090,,#1eb2ad
277,BRA_3,K_02_039,,#1eb2ad
278,bracelet,A_03_024,59.0,#8c0426
279,brag,B_03_011,,#1eb2ad
280,BRAIDS,K_03_125,,#1eb2ad
281,braille,F_01_78,,#1eb2ad
282,brainstorm,J_01_103,4.0,#f9c2c6
283,brainwash,E_01_30,4.0,#f9c2c6
284,brave,B_03_050,93.0,#f4f43d
285,bread,A_02_058,,#1eb2ad
286,break,D_01_069,27.0,#9d7fd1
287,break_down,F_01_30,2.0,#ba98f2
288,breakdown,B_01_064,2.0,#ba98f2
289,breakfast,F_01_73,14.0,#fc46d8
290,breakfast_2,J_01_053,14.0,#fc46d8
291,breaktime,J_01_047,,#1eb2ad
292,breathe,D_03_051,63.0,#ade861
293,brick,H_02_85,20.0,#25e866
294,bridesmaid,A_03_016,27.0,#9d7fd1
295,bridge,A_03_081,,#1eb2ad
296,BRIDGE_2,K_01_018,,#1eb2ad
297,bright,F_03_28,34.0,#1049ce
298,bring,F_03_4,2.0,#ba98f2
299,broccoli_1,J_02_096,,#1eb2ad
300,brother,B_01_065,44.0,#809ee5
301,brown,D_03_045,14.0,#fc46d8
302,brush,A_01_072,29.0,#68e8cc
303,bubbles,E_02_52,53.0,#ffa393
304,BUCKLE_1,K_02_056,,#1eb2ad
305,BUCKLE_2,K_03_073,,#1eb2ad
306,budget,E_01_99,1.0,#9fa9f4
307,buffalo,F_03_33,16.0,#92efaf
308,bug,B_01_067,14.0,#fc46d8
309,building,A_03_088,2.0,#ba98f2
310,bull,E_01_98,11.0,#75e594
311,bulldozer,E_01_83,5.0,#f2dd8a
312,bullshit,J_03_053,138.0,#260da5
313,BUMPY,K_01_123,,#1eb2ad
314,BUN_HAIR,K_03_121,,#1eb2ad
315,burn,J_02_037,34.0,#1049ce
316,burp,F_03_9,,#1eb2ad
317,BURY,K_01_081,,#1eb2ad
318,BURY_1,K_02_014,,#1eb2ad
319,BURY_2,K_03_018,,#1eb2ad
320,BURY_3,K_02_093,,#1eb2ad
321,bus,E_01_4,,#1eb2ad
322,business,D_01_022,,#1eb2ad
323,busted,G_01_22,2.0,#ba98f2
324,busy,E_02_40,,#1eb2ad
325,but,D_03_030,8.0,#a8ffe3
326,butter,A_01_034,,#1eb2ad
327,butterfly,A_03_056,0.0,#fff587
328,buttons,F_02_25,13.0,#d67039
329,buy,D_03_074,5.0,#f2dd8a
330,bye,E_01_58,0.0,#fff587
331,cabbage,B_01_073,14.0,#fc46d8
332,cabinet,B_03_030,,#1eb2ad
333,cafeteria,A_02_054,,#1eb2ad
334,cake,D_01_033,88.0,#22a1ad
335,calculator,E_03_103,,#1eb2ad
336,calendar,D_02_061,1.0,#9fa9f4
337,california,H_02_38,4.0,#f9c2c6
338,call,C_02_061,,#1eb2ad
339,call_2,J_02_048,1.0,#9fa9f4
340,call_attention,C_01_038,,#1eb2ad
341,call_tty,B_03_026,96.0,#b2fcab
342,calm,G_03_4,2.0,#ba98f2
343,camcorder,E_03_21,15.0,#077741
344,camel_2,G_01_42,15.0,#077741
345,camera,B_03_073,,#1eb2ad
346,cameraman,E_02_34,,#1eb2ad
347,camping,A_01_045,,#1eb2ad
348,can,D_03_027,27.0,#9d7fd1
349,CAN_2,K_02_027,,#1eb2ad
350,canada,C_03_034,47.0,#012b5b
351,cancellation,C_02_017,71.0,#7ba3ed
352,cancer_1,G_03_56,149.0,#fcdfae
353,cancer_2,F_01_47,,#1eb2ad
354,candle,C_03_060,,#1eb2ad
355,candy_1,A_01_018,4.0,#f9c2c6
356,candy_2,D_02_079,104.0,#8ebbe2
357,cannon,G_02_37,92.0,#f961a3
358,cannot,E_02_94,82.0,#f2e67d
359,canoe,D_01_045,27.0,#9d7fd1
360,cape,F_01_4,63.0,#ade861
361,caption,C_02_086,20.0,#25e866
362,capture,H_03_48,,#1eb2ad
363,car,D_02_043,27.0,#9d7fd1
364,car_accident,E_03_29,34.0,#1049ce
365,car_battery,E_01_39,2.0,#ba98f2
366,cards,J_03_065,186.0,#edc72f
367,careful,B_03_039,76.0,#474ed3
368,carousel,E_01_63,15.0,#077741
369,carrot,A_02_083,,#1eb2ad
370,CARROT_2,K_01_105,,#1eb2ad
371,CARROT_3,K_03_075,,#1eb2ad
372,carry,J_02_042,2.0,#ba98f2
373,CARVE,K_02_026,,#1eb2ad
374,castle,A_01_008,3.0,#75e57c
375,CASTLE_2,K_01_017,,#1eb2ad
376,CASTLE_3,K_02_019,,#1eb2ad
377,CASTLE_4,K_03_110,,#1eb2ad
378,casual,H_02_50,2.0,#ba98f2
379,cat,A_01_023,11.0,#75e594
380,CAT_2,K_02_047,,#1eb2ad
381,CAT_3,K_03_087,,#1eb2ad
382,catapult,E_03_83,15.0,#077741
383,catch,G_02_33,34.0,#1049ce
384,catch_2,J_01_073,34.0,#1049ce
385,CATCH_3,K_03_109,,#1eb2ad
386,catch_3,H_03_15,34.0,#1049ce
387,CATCH_BASEBALL,K_02_058,,#1eb2ad
388,category,E_01_34,12.0,#5a81ce
389,catepillar,G_01_25,71.0,#7ba3ed
390,catholic,B_03_052,102.0,#f7c074
391,caught,H_02_69,,#1eb2ad
392,cause,D_01_088,27.0,#9d7fd1
393,ceiling,J_01_091,31.0,#edaaa1
394,celebrate,J_02_100,,#1eb2ad
395,celery_2,G_02_48,,#1eb2ad
396,CELLPHONE,K_01_128,,#1eb2ad
397,cemetary,H_01_37,12.0,#5a81ce
398,center,C_01_027,,#1eb2ad
399,cereal,A_02_014,11.0,#75e594
400,certificate,B_01_080,2.0,#ba98f2
401,chain,E_02_55,20.0,#25e866
402,chair,A_01_017,1.0,#9fa9f4
403,challenge,B_03_051,9.0,#cce07b
404,champ,J_03_030,159.0,#92d60a
405,champion,G_01_81,,#1eb2ad
406,chance,A_03_080,12.0,#5a81ce
407,change,E_01_31,,#1eb2ad
408,channel,C_03_023,0.0,#fff587
409,chaos,F_01_37,12.0,#5a81ce
410,character,B_02_088,,#1eb2ad
411,charge,F_01_25,71.0,#7ba3ed
412,charge_card_1,E_02_56,152.0,#ee9eff
413,chase,F_03_17,,#1eb2ad
414,chat,C_01_079,2.0,#ba98f2
415,cheap,F_02_56,1.0,#9fa9f4
416,cheat_1,A_02_008,38.0,#e1f9a2
417,cheat_2,D_01_027,,#1eb2ad
418,check,B_03_040,,#1eb2ad
419,cheek,G_03_52,11.0,#75e594
420,cheer,J_03_060,,#1eb2ad
421,cheerleader,H_02_45,27.0,#9d7fd1
422,CHEERLEADER_2,K_01_016,,#1eb2ad
423,cheese,A_02_021,,#1eb2ad
424,cheese_grater,F_03_64,,#1eb2ad
425,cherish,J_02_033,89.0,#22e84a
426,cherry,C_01_083,114.0,#3047ba
427,CHERRY_2,K_02_113,,#1eb2ad
428,chew,G_02_91,4.0,#f9c2c6
429,chew_2(5),J_02_027,34.0,#1049ce
430,CHEW_2_mouth,K_01_100,,#1eb2ad
431,CHEW_3,K_02_041,,#1eb2ad
432,CHEW_4,K_03_094,,#1eb2ad
433,chicago,D_01_043,15.0,#077741
434,child,F_03_101,15.0,#077741
435,children,C_02_066,2.0,#ba98f2
436,chimney,E_02_64,1.0,#9fa9f4
437,chin_1,E_01_20,11.0,#75e594
438,chin_2,F_02_70,4.0,#f9c2c6
439,china,D_03_061,,#1eb2ad
440,chisel,F_03_41,18.0,#ce7e42
441,chocolate,B_01_002,,#1eb2ad
442,choke,G_01_79,,#1eb2ad
443,chop,F_02_99,1.0,#9fa9f4
444,chopsticks,G_01_63,17.0,#b2e285
445,christmas_1,F_03_29,15.0,#077741
446,christmas_2,G_03_97,14.0,#fc46d8
447,christmas_3(1-handed),J_03_061,142.0,#141677
448,church,C_02_018,5.0,#f2dd8a
449,churn,E_01_46,27.0,#9d7fd1
450,cigar,B_02_055,87.0,#ed15a8
451,cigarette,C_01_059,,#1eb2ad
452,circle,E_02_62,8.0,#a8ffe3
453,circus_1,F_01_29,,#1eb2ad
454,circuswheel,H_02_65,15.0,#077741
455,city,B_01_029,2.0,#ba98f2
456,CITY_2,K_02_076,,#1eb2ad
457,clap,G_01_96,2.0,#ba98f2
458,CLASH,K_01_032,,#1eb2ad
459,class,B_03_068,12.0,#5a81ce
460,clause,F_03_13,,#1eb2ad
461,claw,G_02_71,,#1eb2ad
462,clean,E_03_82,1.0,#9fa9f4
463,clear,D_01_006,34.0,#1049ce
464,cleftchin_1,E_01_54,4.0,#f9c2c6
465,cleftchin_2,E_01_45,14.0,#fc46d8
466,click,G_01_47,,#1eb2ad
467,client,J_01_031,105.0,#c9c7fc
468,climb_ladder,F_01_103,34.0,#1049ce
469,clip,J_01_083,,#1eb2ad
470,clock,D_02_076,92.0,#f961a3
471,CLOCK_2,K_02_038,,#1eb2ad
472,close,G_03_84,12.0,#5a81ce
473,close_door,H_03_61,12.0,#5a81ce
474,close_eyes,E_01_68,,#1eb2ad
475,closet_1,F_03_97,,#1eb2ad
476,closet_2,E_01_91,2.0,#ba98f2
477,clothes,E_03_96,63.0,#ade861
478,cloud_1,A_01_077,31.0,#edaaa1
479,cloud_2,D_01_092,12.0,#5a81ce
480,CLOUD_3,K_02_071,,#1eb2ad
481,CLOUD_4,K_03_059,,#1eb2ad
482,clown,A_03_026,30.0,#eeffb2
483,clueless,F_03_82,29.0,#68e8cc
484,coach,H_02_83,,#1eb2ad
485,cocacola,D_02_040,139.0,#301789
486,cocaine,F_03_44,128.0,#7fbf2b
487,coconut,A_02_088,31.0,#edaaa1
488,coffee,A_01_032,,#1eb2ad
489,coins,D_01_018,5.0,#f2dd8a
490,cold,C_02_068,115.0,#c9cbff
491,college,B_01_009,1.0,#9fa9f4
492,color,C_02_039,14.0,#fc46d8
493,comb,C_02_070,31.0,#edaaa1
494,COMB_2,K_03_065,,#1eb2ad
495,come,C_03_074,15.0,#077741
496,come_here_E,H_02_74,83.0,#3ff47c
497,come_out,E_02_20,85.0,#f427bd
498,comfortable,H_03_58,,#1eb2ad
499,comment,H_01_5,20.0,#25e866
500,committee,J_03_072,174.0,#56aabc
501,communication,B_03_013,31.0,#edaaa1
502,community,J_01_015,2.0,#ba98f2
503,commute,H_02_44,,#1eb2ad
504,compass,G_02_12,71.0,#7ba3ed
505,complain,G_01_23,86.0,#a52615
506,complex,C_01_061,8.0,#a8ffe3
507,computer,A_01_054,21.0,#5f4dbc
508,computer_mouse,C_01_073,4.0,#f9c2c6
509,concept,A_03_086,,#1eb2ad
510,concerned,G_02_47,154.0,#93e276
511,CONDUCT_1,K_01_060,,#1eb2ad
512,CONDUCT_2,K_02_091,,#1eb2ad
513,CONDUCT_3,K_03_057,,#1eb2ad
514,cone,E_02_5,,#1eb2ad
515,confident,D_02_035,34.0,#1049ce
516,confidential,G_02_22,79.0,#41cc66
517,conflict,J_02_084,8.0,#a8ffe3
518,confused_1,J_01_110,14.0,#fc46d8
519,confused_2,J_02_067,4.0,#f9c2c6
520,congratulations,B_02_022,2.0,#ba98f2
521,connection,E_03_60,,#1eb2ad
522,consume,J_01_101,,#1eb2ad
523,contact,D_03_022,21.0,#5f4dbc
524,contact_lens,E_02_74,,#1eb2ad
525,continue,D_03_032,9.0,#cce07b
526,convince,G_01_48,,#1eb2ad
527,convince_2,H_03_13,12.0,#5a81ce
528,cook,D_03_078,1.0,#9fa9f4
529,cookie,B_03_008,,#1eb2ad
530,cool_1,F_01_14,,#1eb2ad
531,cool_2,G_03_45,66.0,#e20486
532,cool_3,H_03_99,11.0,#75e594
533,cool_4,H_03_32,11.0,#75e594
534,cool_5,J_01_004,,#1eb2ad
535,cooperate,E_01_10,21.0,#5f4dbc
536,copy,D_01_064,,#1eb2ad
537,corkscrew,D_01_053,,#1eb2ad
538,CORKSCREW_2,K_01_085,,#1eb2ad
539,corn_1,A_02_084,,#1eb2ad
540,corn_2,C_02_026,30.0,#eeffb2
541,CORN_3,K_02_078,,#1eb2ad
542,corner,J_03_071,2.0,#ba98f2
543,"correct(grade,criticize)",J_02_040,71.0,#7ba3ed
544,cost,E_03_20,71.0,#7ba3ed
545,couch_1,G_02_13,2.0,#ba98f2
546,cough,C_02_071,,#1eb2ad
547,counselor,B_01_005,68.0,#d65e74
548,count,G_02_54,62.0,#4ed36d
549,country,C_03_058,,#1eb2ad
550,cousin,C_01_023,30.0,#eeffb2
551,cover_up,C_03_038,1.0,#9fa9f4
552,cow,A_01_033,16.0,#92efaf
553,cowboy,F_01_18,,#1eb2ad
554,crack,F_03_67,1.0,#9fa9f4
555,cracker,C_01_081,,#1eb2ad
556,CRACKER_2,K_03_093,,#1eb2ad
557,CRANKY,H_02_104,184.0,#fff56b
558,crash,J_02_017,,#1eb2ad
559,CRASH_PLANE,K_01_034,,#1eb2ad
560,crawl,D_01_068,,#1eb2ad
561,CRAWL_2,K_02_088,,#1eb2ad
562,crazy,D_03_040,4.0,#f9c2c6
563,cream,F_02_10,,#1eb2ad
564,CREAM_2,K_01_046,,#1eb2ad
565,create,D_03_076,27.0,#9d7fd1
566,credit_card,B_02_057,5.0,#f2dd8a
567,CREWCUT,K_02_127,,#1eb2ad
568,criticize,F_03_83,71.0,#7ba3ed
569,crocodile,D_01_081,2.0,#ba98f2
570,cross,C_01_067,15.0,#077741
571,cross_2,H_01_7,1.0,#9fa9f4
572,CROSS_3,K_03_028,,#1eb2ad
573,cross_heart,J_01_064,,#1eb2ad
574,crown,F_01_16,,#1eb2ad
575,CRUMPLE,K_01_124,,#1eb2ad
576,cry,B_03_028,97.0,#4411b2
577,CRY_2,K_01_003,,#1eb2ad
578,CRY_3,K_02_040,,#1eb2ad
579,CRY_4,K_03_060,,#1eb2ad
580,culture,H_01_51,,#1eb2ad
581,cup,A_01_010,5.0,#f2dd8a
582,curious,F_03_51,,#1eb2ad
583,curl,J_01_052,,#1eb2ad
584,CURL_2,K_01_072,,#1eb2ad
585,curly_hair,H_02_7,,#1eb2ad
586,curtain,A_02_025,2.0,#ba98f2
587,CURTSEY_1,K_02_006,,#1eb2ad
588,CURTSEY_2,K_03_038,,#1eb2ad
589,cut_1,E_02_46,,#1eb2ad
590,cut_2,F_01_65,,#1eb2ad
591,cute_1,B_03_087,104.0,#8ebbe2
592,cute_2,C_01_045,104.0,#8ebbe2
593,damn,F_01_98,20.0,#25e866
594,dance,B_02_063,10.0,#f9791d
595,dancer,A_02_034,10.0,#f9791d
596,danger,E_02_67,155.0,#99f453
597,dark,E_01_12,2.0,#ba98f2
598,dark_2(b),J_03_094,31.0,#edaaa1
599,dart,C_03_029,20.0,#25e866
600,date_1,G_01_31,50.0,#281c96
601,daughter,E_02_23,14.0,#fc46d8
602,day,C_01_044,8.0,#a8ffe3
603,deaf_1,F_03_38,,#1eb2ad
604,deaf_2,E_03_98,4.0,#f9c2c6
605,deaf_school,H_01_22,4.0,#f9c2c6
606,deal_cards,J_02_074,20.0,#25e866
607,death,A_01_076,12.0,#5a81ce
608,decide_1,B_02_074,4.0,#f9c2c6
609,decide_2,D_03_057,20.0,#25e866
610,decline,F_01_1,,#1eb2ad
611,DECORATE_1,K_01_073,,#1eb2ad
612,DECORATE_2,K_02_030,,#1eb2ad
613,dedicate_1,F_03_85,4.0,#f9c2c6
614,dedicate_2,G_03_94,8.0,#a8ffe3
615,deep,C_03_006,71.0,#7ba3ed
616,deer,A_03_060,65.0,#f2a4e7
617,defeat_2,G_03_90,27.0,#9d7fd1
618,definition,G_02_61,107.0,#ffc9d1
619,deflate,E_01_79,,#1eb2ad
620,degree,J_01_021,20.0,#25e866
621,delegate,H_03_1,,#1eb2ad
622,deliberate,H_02_9,,#1eb2ad
623,delicious,B_01_082,,#1eb2ad
624,delinquent,F_02_3,,#1eb2ad
625,demand,D_03_080,71.0,#7ba3ed
626,demote,J_03_031,2.0,#ba98f2
627,dent,H_02_30,0.0,#fff587
628,dentist,A_01_014,7.0,#a33b11
629,DENTIST_2,K_03_027,,#1eb2ad
630,deny,D_02_039,79.0,#41cc66
631,deodorant,A_01_086,,#1eb2ad
632,department,C_02_033,20.0,#25e866
633,depend_on,H_03_76,8.0,#a8ffe3
634,depress,E_02_59,154.0,#93e276
635,depth,F_02_18,71.0,#7ba3ed
636,desert,A_03_008,11.0,#75e594
637,design,J_03_104,62.0,#4ed36d
638,dessert,F_01_94,50.0,#281c96
639,destroy,E_03_52,143.0,#9d86e0
640,develop_1,J_03_092,1.0,#9fa9f4
641,develop_2,H_01_050,62.0,#4ed36d
642,devil,A_01_079,14.0,#fc46d8
643,DEVOUR,K_01_047,,#1eb2ad
644,diamond,A_01_066,,#1eb2ad
645,diaper,A_02_002,,#1eb2ad
646,dice,D_02_036,27.0,#9d7fd1
647,dictionary,F_03_35,62.0,#4ed36d
648,die,D_02_021,12.0,#5a81ce
649,different,E_03_95,8.0,#a8ffe3
650,different_situation,J_01_075,45.0,#03bc16
651,DIG,K_02_119,,#1eb2ad
652,dig_up,G_02_19,9.0,#cce07b
653,dilemma,J_01_003,3.0,#75e57c
654,dining_room,F_02_49,14.0,#fc46d8
655,dinner,G_03_44,14.0,#fc46d8
656,dinner_2(d),J_02_023,,#1eb2ad
657,dinosaur,A_01_031,15.0,#077741
658,DINOSAUR_2,K_03_047,,#1eb2ad
659,dip,J_01_063,,#1eb2ad
660,DIP_2,K_01_065,,#1eb2ad
661,DIP_3,K_02_052,,#1eb2ad
662,director,H_01_14,20.0,#25e866
663,dirty,C_03_026,14.0,#fc46d8
664,disagreement,B_02_066,4.0,#f9c2c6
665,disappear,D_01_036,36.0,#90ede3
666,disappoint,G_03_18,4.0,#f9c2c6
667,disconnect,H_01_17,20.0,#25e866
668,discuss,E_03_81,71.0,#7ba3ed
669,dislike,F_03_6,79.0,#41cc66
670,disney,D_03_035,,#1eb2ad
671,dispatch,G_02_102,,#1eb2ad
672,disrupt,E_03_76,2.0,#ba98f2
673,dissect,J_03_019,37.0,#c1ff9b
674,dissolve,J_03_081,34.0,#1049ce
675,dive,D_02_029,,#1eb2ad
676,divide,E_02_18,12.0,#5a81ce
677,divorce,C_01_063,20.0,#25e866
678,dizzy,H_02_102,31.0,#edaaa1
679,do_do,E_01_96,20.0,#25e866
680,doctor,A_03_020,,#1eb2ad
681,DOCTOR_2,K_03_015,,#1eb2ad
682,document,H_01_97,5.0,#f2dd8a
683,doesnt_matter,F_03_31,2.0,#ba98f2
684,dog,A_01_056,23.0,#f9dec2
685,DOG_2,K_01_055,,#1eb2ad
686,dog_3(slap),J_02_068,23.0,#f9dec2
687,dog_4(slapsnap),H_02_103,51.0,#f2d682
688,doll,C_02_049,11.0,#75e594
689,dolphin,A_03_057,,#1eb2ad
690,DOLPHIN_2,K_02_021,,#1eb2ad
691,DOLPHIN_3,K_03_032,,#1eb2ad
692,dominant,J_01_087,27.0,#9d7fd1
693,donkey,J_01_012,,#1eb2ad
694,dont_care,G_03_82,165.0,#f7cd96
695,dont_feel_like,J_01_005,11.0,#75e594
696,dont_know,E_03_49,41.0,#2469d8
697,dont_like,F_01_33,168.0,#d8f291
698,dont_mind,B_03_033,4.0,#f9c2c6
699,dont_need,H_01_104,,#1eb2ad
700,dont_want,E_02_14,0.0,#fff587
701,donut_1,F_01_71,,#1eb2ad
702,donut_2,E_02_48,20.0,#25e866
703,door,A_03_052,1.0,#9fa9f4
704,dormitory,A_01_059,,#1eb2ad
705,double,H_03_84,40.0,#cc61ed
706,doubt,B_01_057,,#1eb2ad
707,down,G_03_55,8.0,#a8ffe3
708,downhill,H_03_12,1.0,#9fa9f4
709,download,C_03_046,20.0,#25e866
710,downsize_1,C_01_055,8.0,#a8ffe3
711,downsize_2,D_02_058,8.0,#a8ffe3
712,DRAG,K_01_022,,#1eb2ad
713,drag,J_02_039,34.0,#1049ce
714,dragon,F_01_11,166.0,#eab58f
715,draw,D_02_063,113.0,#ad06e5
716,drawer,A_01_082,34.0,#1049ce
717,dreadlocks,G_02_69,,#1eb2ad
718,dream,B_02_044,84.0,#43e8e5
719,dress,A_03_046,63.0,#ade861
720,dress_up,J_03_057,63.0,#ade861
721,dresser,F_03_75,34.0,#1049ce
722,DRIBBLE,K_02_074,,#1eb2ad
723,drill,D_02_044,36.0,#90ede3
724,drink,B_02_012,,#1eb2ad
725,DRINK_2,K_03_092,,#1eb2ad
726,drip,F_02_102,,#1eb2ad
727,drive,E_02_53,27.0,#9d7fd1
728,drop,C_03_052,27.0,#9d7fd1
729,drown,D_01_017,,#1eb2ad
730,DROWN_2,K_01_093,,#1eb2ad
731,DROWN_3,K_02_111,,#1eb2ad
732,DROWN_4,K_03_077,,#1eb2ad
733,DROWN_5,K_01_045,,#1eb2ad
734,drug,F_01_40,,#1eb2ad
735,drum,A_03_075,20.0,#25e866
736,drunk,C_03_077,129.0,#b972db
737,dry,F_03_5,11.0,#75e594
738,dryer,C_01_007,11.0,#75e594
739,duck,D_01_079,133.0,#87abf2
740,DUCK_2,K_02_068,,#1eb2ad
741,due,H_03_11,71.0,#7ba3ed
742,dumb,A_02_028,44.0,#809ee5
743,dust,H_03_87,20.0,#25e866
744,duty,H_03_8,,#1eb2ad
745,dye,F_02_92,20.0,#25e866
746,each,F_02_59,141.0,#edd7a3
747,each_other,H_02_76,9.0,#cce07b
748,eagle,D_03_066,11.0,#75e594
749,EAGLE_2,K_03_021,,#1eb2ad
750,ear,D_02_071,11.0,#75e594
751,early,G_01_18,71.0,#7ba3ed
752,earmuffs,F_03_16,109.0,#f776ae
753,earn,C_03_055,,#1eb2ad
754,earring,C_03_011,124.0,#6cff3f
755,ears_up,E_02_99,,#1eb2ad
756,earth,C_03_002,,#1eb2ad
757,earthquake,A_03_039,,#1eb2ad
758,easel,F_01_44,71.0,#7ba3ed
759,east,D_03_082,27.0,#9d7fd1
760,easter,E_03_32,,#1eb2ad
761,easy,D_01_070,1.0,#9fa9f4
762,easy_to_do,G_02_73,,#1eb2ad
763,eat_1,B_02_002,14.0,#fc46d8
764,eat_2,B_03_082,14.0,#fc46d8
765,eclipse,F_02_15,20.0,#25e866
766,edge,E_03_99,1.0,#9fa9f4
767,edit_1,F_01_68,8.0,#a8ffe3
768,edit_2,G_02_57,20.0,#25e866
769,effect,G_02_44,68.0,#d65e74
770,egg,A_03_011,12.0,#5a81ce
771,egg_beater,E_01_7,,#1eb2ad
772,ego,D_01_014,,#1eb2ad
773,egypt,C_02_042,11.0,#75e594
774,eight,J_02_099,50.0,#281c96
775,either,J_01_085,78.0,#680ab5
776,electrician,A_02_005,8.0,#a8ffe3
777,ELECTROCUTE,K_01_096,,#1eb2ad
778,elegance,D_03_042,63.0,#ade861
779,elementary_school,J_01_070,,#1eb2ad
780,elephant,A_02_059,,#1eb2ad
781,elevator_1,E_03_72,,#1eb2ad
782,elevator_2,G_03_36,5.0,#f2dd8a
783,ELEVATOR_3,K_03_002,,#1eb2ad
784,eleven,E_01_52,150.0,#e540c7
785,email,B_03_083,,#1eb2ad
786,embarrass,C_01_014,31.0,#edaaa1
787,emotion,B_03_005,,#1eb2ad
788,emperor,C_03_005,,#1eb2ad
789,emphasis,F_03_86,173.0,#bed646
790,empty_1,E_02_72,71.0,#7ba3ed
791,empty_2,J_01_077,12.0,#5a81ce
792,end,E_01_74,1.0,#9fa9f4
793,enemy,E_02_45,8.0,#a8ffe3
794,energy,G_02_56,,#1eb2ad
795,engagement,B_01_084,,#1eb2ad
796,engine_start,E_01_36,2.0,#ba98f2
797,engineer,A_03_014,,#1eb2ad
798,english,A_01_011,1.0,#9fa9f4
799,enjoy,D_03_033,81.0,#673bce
800,enough,D_01_084,135.0,#9ce3e5
801,enter,E_02_76,1.0,#9fa9f4
802,envelope,D_02_020,31.0,#edaaa1
803,ENVELOPE_2,K_02_100,,#1eb2ad
804,ENVELOPE_3,K_03_062,,#1eb2ad
805,ENVELOPE_4,K_01_041,,#1eb2ad
806,ENVELOPE_5,K_02_107,,#1eb2ad
807,environment,J_01_022,,#1eb2ad
808,equal,C_01_052,2.0,#ba98f2
809,erase,J_03_085,37.0,#c1ff9b
810,ERASE_2,K_03_098,,#1eb2ad
811,ERASE_3,K_01_099,,#1eb2ad
812,ERASE_4,K_02_042,,#1eb2ad
813,ERASE_5,K_03_095,,#1eb2ad
814,eraser,C_01_072,5.0,#f2dd8a
815,erupt,H_03_17,85.0,#f427bd
816,ERUPT_2,K_01_119,,#1eb2ad
817,escalate,H_01_33,15.0,#077741
818,escalator,F_01_36,15.0,#077741
819,escape,G_01_12,36.0,#90ede3
820,especially,G_03_100,,#1eb2ad
821,europe,C_02_010,,#1eb2ad
822,evaluate,A_03_015,27.0,#9d7fd1
823,even_1,F_03_57,2.0,#ba98f2
824,evening,D_02_047,1.0,#9fa9f4
825,event,F_03_49,154.0,#93e276
826,every_night,J_02_058,,#1eb2ad
827,every_year,H_02_41,,#1eb2ad
828,everyday,E_01_84,79.0,#41cc66
829,everything,F_03_84,9.0,#cce07b
830,evidence,G_03_103,5.0,#f2dd8a
831,example,G_02_24,71.0,#7ba3ed
832,excited,H_01_102,154.0,#93e276
833,excuse,D_03_052,147.0,#3835fc
834,exercise,C_01_084,115.0,#c9cbff
835,expect,F_02_68,4.0,#f9c2c6
836,expensive,C_01_064,111.0,#6388cc
837,experience,B_02_064,,#1eb2ad
838,experiment,H_03_2,27.0,#9d7fd1
839,expert,F_02_23,,#1eb2ad
840,expert(candoanything),J_03_099,50.0,#281c96
841,explanation,C_02_053,20.0,#25e866
842,explode,H_01_53,34.0,#1049ce
843,express(produce),J_01_009,,#1eb2ad
844,eye-turn,H_03_39,29.0,#68e8cc
845,eyeglasses,A_01_012,,#1eb2ad
846,eyes,C_01_062,,#1eb2ad
847,eyes_awake,G_01_41,14.0,#fc46d8
848,face,E_01_53,29.0,#68e8cc
849,faculty,J_02_061,185.0,#f9a59d
850,fade,J_02_053,34.0,#1049ce
851,fail,H_01_77,182.0,#2fa4bf
852,faint,G_03_46,4.0,#f9c2c6
853,fair,G_01_80,2.0,#ba98f2
854,fake,G_03_80,11.0,#75e594
855,fall_1,B_03_074,,#1eb2ad
856,fall_2,C_03_007,12.0,#5a81ce
857,falling_asleep,E_03_6,31.0,#edaaa1
858,family,C_01_025,20.0,#25e866
859,famous,E_03_85,11.0,#75e594
860,fan,F_03_55,49.0,#bdf99d
861,fantasy,J_01_045,29.0,#68e8cc
862,far,D_03_007,141.0,#edd7a3
863,farm,B_01_086,14.0,#fc46d8
864,fascinated,E_01_87,89.0,#22e84a
865,fashion,J_01_010,,#1eb2ad
866,fast,C_03_016,8.0,#a8ffe3
867,fat,C_01_011,2.0,#ba98f2
868,father,B_01_077,14.0,#fc46d8
869,faucet,D_01_065,0.0,#fff587
870,fault,C_01_051,108.0,#06e278
871,favorite,B_01_024,11.0,#75e594
872,feather,G_02_46,,#1eb2ad
873,february,D_01_093,50.0,#281c96
874,fed_up,E_01_47,,#1eb2ad
875,feed,G_03_58,165.0,#f7cd96
876,FEED_2,K_02_035,,#1eb2ad
877,feedback,J_01_002,20.0,#25e866
878,feel,C_02_001,117.0,#91eae7
879,fence,G_01_6,2.0,#ba98f2
880,FENCE_2,K_03_037,,#1eb2ad
881,fencing,F_01_83,20.0,#25e866
882,few,C_02_067,,#1eb2ad
883,fiance,F_03_34,,#1eb2ad
884,fifth,J_03_046,0.0,#fff587
885,fight,B_03_058,27.0,#9d7fd1
886,figure,C_01_016,,#1eb2ad
887,file(catalog),J_03_102,,#1eb2ad
888,FILE_3,K_01_038,,#1eb2ad
889,FILE_4,K_02_036,,#1eb2ad
890,fill_out,H_01_99,,#1eb2ad
891,film,B_01_037,72.0,#836ac4
892,filter,F_01_59,2.0,#ba98f2
893,finally,D_01_012,123.0,#5ecedb
894,finance,F_02_47,62.0,#4ed36d
895,find,B_03_076,20.0,#25e866
896,fine_1,C_01_043,51.0,#f2d682
897,fine_2,D_02_067,51.0,#f2d682
898,finger,G_02_97,83.0,#3ff47c
899,fingers_crossed_E,J_01_006,,#1eb2ad
900,fingerspell,B_01_048,15.0,#077741
901,fingerspelling,B_03_065,15.0,#077741
902,finish,B_03_025,0.0,#fff587
903,fins,E_03_58,2.0,#ba98f2
904,fire,B_03_090,2.0,#ba98f2
905,fired,J_03_058,135.0,#9ce3e5
906,fireman,A_02_039,14.0,#fc46d8
907,FIREMAN_2,K_03_052,,#1eb2ad
908,firetruck_1,F_02_101,14.0,#fc46d8
909,first,C_01_033,45.0,#03bc16
910,fish,A_03_040,,#1eb2ad
911,fishing,A_02_035,,#1eb2ad
912,FISHING_2,K_01_050,,#1eb2ad
913,fit,E_02_7,20.0,#25e866
914,fix,G_03_43,2.0,#ba98f2
915,flag,B_01_036,15.0,#077741
916,flag_2,G_02_92,15.0,#077741
917,flashlight,A_03_084,,#1eb2ad
918,FLASHLIGHT_1,K_02_099,,#1eb2ad
919,FLASHLIGHT_2,K_03_030,,#1eb2ad
920,FLASHLIGHT_3,K_01_057,,#1eb2ad
921,FLASHLIGHT_4,K_02_092,,#1eb2ad
922,flip,H_02_88,12.0,#5a81ce
923,flip_switch(sameasLIGHT_SWITCH),E_01_66,20.0,#25e866
924,flipflops,F_03_77,36.0,#90ede3
925,float,E_03_43,76.0,#474ed3
926,FLOAT_2,K_03_007,,#1eb2ad
927,FLOAT_3,K_01_082,,#1eb2ad
928,floor,D_01_062,2.0,#ba98f2
929,flower,A_03_017,,#1eb2ad
930,flute,E_02_36,66.0,#e20486
931,fly,D_03_070,25.0,#edd37d
932,focus,J_03_056,175.0,#cc8fea
933,fold,F_02_19,12.0,#5a81ce
934,FOLD_2,K_02_072,,#1eb2ad
935,follow,G_01_58,9.0,#cce07b
936,follow_2,H_03_29,8.0,#a8ffe3
937,FOLLOW_3,K_01_113,,#1eb2ad
938,FOLLOW_4,K_03_016,,#1eb2ad
939,fond,J_01_079,31.0,#edaaa1
940,fool,J_02_102,67.0,#22117f
941,football,A_02_027,2.0,#ba98f2
942,for,B_03_049,11.0,#75e594
943,forbid,D_03_089,,#1eb2ad
944,foreigner_1,C_01_077,,#1eb2ad
945,foreigner_2,C_03_067,,#1eb2ad
946,forest,G_01_38,12.0,#5a81ce
947,forever,D_03_072,4.0,#f9c2c6
948,forever_2,E_02_25,11.0,#75e594
949,forfeit,D_02_038,20.0,#25e866
950,forgetful,D_02_017,31.0,#edaaa1
951,fork,E_01_49,38.0,#e1f9a2
952,FORK_2,K_02_050,,#1eb2ad
953,FORK_3,K_03_003,,#1eb2ad
954,FORK_4,K_01_027,,#1eb2ad
955,form,G_03_23,20.0,#25e866
956,former,J_02_066,,#1eb2ad
957,foul,J_01_049,11.0,#75e594
958,four,C_01_029,15.0,#077741
959,fourth,H_03_4,0.0,#fff587
960,fox,A_03_041,11.0,#75e594
961,fraction,F_02_24,,#1eb2ad
962,frame,G_02_34,20.0,#25e866
963,france,D_02_078,20.0,#25e866
964,fraud,D_02_070,,#1eb2ad
965,freak_out,G_02_9,4.0,#f9c2c6
966,freckles,B_01_083,,#1eb2ad
967,free,G_01_27,20.0,#25e866
968,freedom(sameasRELEASE),E_02_1,27.0,#9d7fd1
969,freeway,B_03_001,2.0,#ba98f2
970,freeze,F_03_10,2.0,#ba98f2
971,french,C_02_022,20.0,#25e866
972,frenchfries,A_01_085,20.0,#25e866
973,friday,B_02_020,20.0,#25e866
974,friend,D_03_010,8.0,#a8ffe3
975,friendly,C_02_031,,#1eb2ad
976,friends_no_more,J_03_034,,#1eb2ad
977,FRISK,K_02_070,,#1eb2ad
978,frog,D_03_059,,#1eb2ad
979,from,D_01_059,96.0,#b2fcab
980,from_then_on,H_02_40,1.0,#9fa9f4
981,front,C_01_039,31.0,#edaaa1
982,frown,F_02_57,31.0,#edaaa1
983,FROWN_2,K_03_115,,#1eb2ad
984,fruit,C_02_083,11.0,#75e594
985,frustrate,C_02_050,14.0,#fc46d8
986,fry,H_01_69,121.0,#666060
987,full,D_02_048,135.0,#9ce3e5
988,fun,E_02_57,153.0,#fcc7de
989,function,J_02_071,,#1eb2ad
990,funny,E_03_38,163.0,#e57e77
991,furniture,C_02_059,20.0,#25e866
992,future,C_03_080,31.0,#edaaa1
993,FUZZY,K_02_123,,#1eb2ad
994,gallaudet,B_02_010,29.0,#68e8cc
995,gamble,F_01_51,27.0,#9d7fd1
996,game,C_03_047,9.0,#cce07b
997,garage,A_03_022,10.0,#f9791d
998,garlic,G_02_28,,#1eb2ad
999,gas,A_03_090,67.0,#22117f
1000,gate,E_03_64,1.0,#9fa9f4
1001,gate_close,E_02_73,158.0,#9d68cc
1002,gay,D_03_011,11.0,#75e594
1003,generation,H_01_32,,#1eb2ad
1004,genius,H_02_24,4.0,#f9c2c6
1005,germany,D_02_088,0.0,#fff587
1006,gesture,J_03_086,2.0,#ba98f2
1007,get,B_03_007,34.0,#1049ce
1008,get_in_bed,J_03_010,,#1eb2ad
1009,get_information_out_of,E_01_57,151.0,#e861c1
1010,get_off,H_01_93,169.0,#9bf7eb
1011,get_through,F_03_47,,#1eb2ad
1012,get_together,J_02_073,12.0,#5a81ce
1013,ghost,E_01_32,20.0,#25e866
1014,gift,E_01_55,8.0,#a8ffe3
1015,giraffe,A_03_049,,#1eb2ad
1016,girl,C_03_073,128.0,#7fbf2b
1017,give,F_01_23,12.0,#5a81ce
1018,give_up,H_03_28,2.0,#ba98f2
1019,glass,E_01_90,5.0,#f2dd8a
1020,GLASS_2,K_01_115,,#1eb2ad
1021,GLASS_3,K_02_059,,#1eb2ad
1022,glasses,B_03_036,29.0,#68e8cc
1023,glove,A_02_087,54.0,#a44ce8
1024,gloves,A_02_026,,#1eb2ad
1025,GLOVES_2,K_03_049,,#1eb2ad
1026,GLOVES_3,K_01_012,,#1eb2ad
1027,GLOVES_4,K_02_105,,#1eb2ad
1028,glow,D_03_093,,#1eb2ad
1029,GLUE_1,K_03_117,,#1eb2ad
1030,glue_2,F_01_96,20.0,#25e866
1031,go,C_03_056,8.0,#a8ffe3
1032,go_ahead,J_01_041,2.0,#ba98f2
1033,go_back_and_forth,H_01_52,2.0,#ba98f2
1034,go_on,E_01_75,2.0,#ba98f2
1035,go_through(list),J_03_017,,#1eb2ad
1036,go_to_jail,F_03_99,2.0,#ba98f2
1037,goal,E_03_48,11.0,#75e594
1038,goat,A_02_024,43.0,#b7beff
1039,goatee,G_01_74,14.0,#fc46d8
1040,god,D_02_068,31.0,#edaaa1
1041,going_through_a_hard_time,G_03_21,,#1eb2ad
1042,gold,D_02_009,4.0,#f9c2c6
1043,golf,A_02_017,,#1eb2ad
1044,gone,G_03_51,85.0,#f427bd
1045,good,B_01_052,14.0,#fc46d8
1046,goody_goody,G_03_83,,#1eb2ad
1047,goody_goody_shoe_opposite,J_01_072,15.0,#077741
1048,goosebumps,G_03_96,,#1eb2ad
1049,gorilla,A_02_044,47.0,#012b5b
1050,gossip,D_01_029,,#1eb2ad
1051,gotcha,H_02_72,15.0,#077741
1052,government,B_02_062,,#1eb2ad
1053,grab,E_03_39,160.0,#60f2a7
1054,grade,F_02_76,71.0,#7ba3ed
1055,graduate,B_03_081,103.0,#f7b7dc
1056,graduate_school,H_02_52,126.0,#8350e0
1057,grammar,J_03_078,8.0,#a8ffe3
1058,grandfather,B_02_036,14.0,#fc46d8
1059,grandmother,C_02_027,14.0,#fc46d8
1060,grandparents,H_01_89,14.0,#fc46d8
1061,grapes,A_02_089,,#1eb2ad
1062,GRAPES_2,K_01_010,,#1eb2ad
1063,grasp,E_01_6,,#1eb2ad
1064,grass,A_03_031,,#1eb2ad
1065,gray,F_01_80,2.0,#ba98f2
1066,great,J_03_016,2.0,#ba98f2
1067,greece,C_02_048,,#1eb2ad
1068,green,B_02_085,45.0,#03bc16
1069,green_beans,G_02_1,45.0,#03bc16
1070,greet,J_01_042,2.0,#ba98f2
1071,GREET_2,K_02_095,,#1eb2ad
1072,grenade,E_02_10,42.0,#c44265
1073,grieve,E_03_100,,#1eb2ad
1074,grind,J_02_094,151.0,#e861c1
1075,group,J_01_001,8.0,#a8ffe3
1076,grow,B_02_042,85.0,#f427bd
1077,grow_up,J_01_036,15.0,#077741
1078,guess_1,C_01_057,110.0,#ffffa8
1079,guess_2,D_02_013,110.0,#ffffa8
1080,guide,E_03_57,,#1eb2ad
1081,guillotine_1,G_01_8,171.0,#fc3aab
1082,guillotine_2,F_01_93,171.0,#fc3aab
1083,guilty,D_03_085,19.0,#0c48cc
1084,guitar,A_02_077,,#1eb2ad
1085,gullible,C_02_058,,#1eb2ad
1086,gum,G_02_10,,#1eb2ad
1087,gun,D_02_046,9.0,#cce07b
1088,GUN_2,K_03_105,,#1eb2ad
1089,GUN_3,K_01_069,,#1eb2ad
1090,gym,G_03_3,,#1eb2ad
1091,habit,E_03_67,34.0,#1049ce
1092,had_enough,H_01_90,31.0,#edaaa1
1093,haha,G_02_103,,#1eb2ad
1094,hair,A_02_056,,#1eb2ad
1095,HAIR_2,K_02_053,,#1eb2ad
1096,hair_clipper,E_02_80,,#1eb2ad
1097,haircut,C_02_081,122.0,#0e8470
1098,hairdresser,G_03_16,122.0,#0e8470
1099,hairdryer,B_02_078,29.0,#68e8cc
1100,HAIRDRYER_2,K_03_056,,#1eb2ad
1101,HAIRDRYER_3,K_01_091,,#1eb2ad
1102,half,F_03_40,8.0,#a8ffe3
1103,half_hour,J_02_024,,#1eb2ad
1104,hall,F_01_97,2.0,#ba98f2
1105,halloween_1,G_03_11,31.0,#edaaa1
1106,halloween_2,G_02_35,122.0,#0e8470
1107,hamburger,A_01_004,2.0,#ba98f2
1108,hammer,C_02_021,20.0,#25e866
1109,hamster_1,E_03_73,153.0,#fcc7de
1110,hand_soap,G_01_89,,#1eb2ad
1111,handcuffs,G_01_88,59.0,#8c0426
1112,hands,G_01_65,1.0,#9fa9f4
1113,hands_off,H_02_27,,#1eb2ad
1114,handsome,J_03_018,,#1eb2ad
1115,handsome_1,F_01_3,29.0,#68e8cc
1116,handsome_2,G_01_98,102.0,#f7c074
1117,handsome_3,E_03_41,,#1eb2ad
1118,hang,E_02_63,,#1eb2ad
1119,HANG_CLOTHES,K_02_069,,#1eb2ad
1120,hanukkah,G_02_30,2.0,#ba98f2
1121,happen,B_03_080,8.0,#a8ffe3
1122,happy,C_03_078,63.0,#ade861
1123,hard,C_01_036,3.0,#75e57c
1124,hard_of_hearing,J_01_050,,#1eb2ad
1125,harmonica,G_03_54,31.0,#edaaa1
1126,harp,F_02_73,,#1eb2ad
1127,hat,A_02_045,14.0,#fc46d8
1128,HAT_2,K_03_099,,#1eb2ad
1129,hatbrim,J_03_106,29.0,#68e8cc
1130,hatch,J_02_069,12.0,#5a81ce
1131,HATCH_2,K_01_007,,#1eb2ad
1132,hate,F_02_78,65.0,#f2a4e7
1133,have,B_03_057,51.0,#f2d682
1134,hawaii,J_03_054,102.0,#f7c074
1135,he,F_02_44,8.0,#a8ffe3
1136,head,E_03_44,,#1eb2ad
1137,head_back,H_03_100,27.0,#9d7fd1
1138,head_grind,E_03_33,4.0,#f9c2c6
1139,headache,B_01_027,29.0,#68e8cc
1140,headcold,J_02_025,11.0,#75e594
1141,headphones,C_01_054,109.0,#f776ae
1142,health,B_02_083,93.0,#f4f43d
1143,heap,H_03_96,,#1eb2ad
1144,hear,E_01_97,4.0,#f9c2c6
1145,hear_2(3),J_02_006,14.0,#fc46d8
1146,hearing,C_02_023,29.0,#68e8cc
1147,hearing_aid,B_01_015,11.0,#75e594
1148,heart,B_03_066,,#1eb2ad
1149,heart_touch,E_03_97,19.0,#0c48cc
1150,heartbody,H_02_63,19.0,#0c48cc
1151,heaven,A_02_075,,#1eb2ad
1152,heavy,F_01_85,2.0,#ba98f2
1153,helicopter,D_02_042,,#1eb2ad
1154,HELICOPTER_2,K_02_004,,#1eb2ad
1155,HELICOPTER_3,K_03_063,,#1eb2ad
1156,hell,G_03_8,15.0,#077741
1157,hello,D_02_055,14.0,#fc46d8
1158,helmet,D_02_034,31.0,#edaaa1
1159,HELMET_2,K_01_066,,#1eb2ad
1160,help,D_01_042,37.0,#c1ff9b
1161,hen,G_02_41,120.0,#ce8a02
1162,here,D_01_089,2.0,#ba98f2
1163,hide,G_02_25,44.0,#809ee5
1164,high,C_02_045,15.0,#077741
1165,high_heels_1,F_02_8,,#1eb2ad
1166,high_school,C_02_060,120.0,#ce8a02
1167,highlighter,G_01_20,62.0,#4ed36d
1168,hinge,G_03_41,,#1eb2ad
1169,hippo,C_01_069,8.0,#a8ffe3
1170,HIPPO_2,K_02_060,,#1eb2ad
1171,HIPPO_3,K_03_074,,#1eb2ad
1172,his,F_02_58,15.0,#077741
1173,history,A_02_036,15.0,#077741
1174,hit,F_02_5,27.0,#9d7fd1
1175,HIT_2,K_01_111,,#1eb2ad
1176,hitchhike,J_02_034,145.0,#cbf4a1
1177,hockey,B_01_035,71.0,#7ba3ed
1178,hoe,G_01_7,1.0,#9fa9f4
1179,hold,F_02_80,34.0,#1049ce
1180,HOLD_2,K_02_124,,#1eb2ad
1181,hold_accountable,E_03_93,99.0,#4c3e9b
1182,hold_hands,H_02_75,0.0,#fff587
1183,hold_together,E_02_3,34.0,#1049ce
1184,holiday,D_03_031,63.0,#ade861
1185,holy,G_01_72,38.0,#e1f9a2
1186,home,B_03_063,14.0,#fc46d8
1187,homework,A_03_003,55.0,#8448c9
1188,honest,B_01_028,38.0,#e1f9a2
1189,honey,F_02_64,,#1eb2ad
1190,honey_2,J_03_052,11.0,#75e594
1191,hongkong,G_02_4,94.0,#fc99bf
1192,honk,H_01_74,15.0,#077741
1193,honor,C_03_079,,#1eb2ad
1194,hood,H_03_104,29.0,#68e8cc
1195,HOODIE,K_02_122,,#1eb2ad
1196,HOODIE,K_02_044,,#1eb2ad
1197,hop,E_03_25,161.0,#42a5b5
1198,hope,D_02_085,4.0,#f9c2c6
1199,horrible,D_03_049,,#1eb2ad
1200,horse,A_01_029,14.0,#fc46d8
1201,hose,E_02_54,8.0,#a8ffe3
1202,hospital,B_02_026,,#1eb2ad
1203,hospital_2(head),J_02_022,,#1eb2ad
1204,hot,F_02_93,31.0,#edaaa1
1205,hot_competition,E_01_26,9.0,#cce07b
1206,hotdog,B_03_067,34.0,#1049ce
1207,hotel,B_01_053,,#1eb2ad
1208,hour,C_02_072,,#1eb2ad
1209,house,D_03_086,,#1eb2ad
1210,how,D_02_082,12.0,#5a81ce
1211,how_2,F_02_86,,#1eb2ad
1212,howl,J_02_019,14.0,#fc46d8
1213,hug,G_02_36,47.0,#012b5b
1214,humble,A_01_009,4.0,#f9c2c6
1215,HUMMINGBIRD,K_01_125,,#1eb2ad
1216,humor,H_03_63,73.0,#0286d3
1217,hundred,H_03_27,15.0,#077741
1218,hungry,C_01_010,105.0,#c9c7fc
1219,hunt,B_01_025,2.0,#ba98f2
1220,hurdle_1,F_02_12,172.0,#f4b5be
1221,hurdle_2,G_01_36,172.0,#f4b5be
1222,hurricane,F_02_61,2.0,#ba98f2
1223,hurry,G_01_75,15.0,#077741
1224,hurt,E_01_2,8.0,#a8ffe3
1225,husband,D_01_082,14.0,#fc46d8
1226,hypocrite,F_03_24,0.0,#fff587
1227,I_love_you,F_01_102,8.0,#a8ffe3
1228,ice,G_03_20,,#1eb2ad
1229,icecream,A_02_013,,#1eb2ad
1230,idea,D_01_085,11.0,#75e594
1231,identity,H_03_71,71.0,#7ba3ed
1232,if,G_03_17,11.0,#75e594
1233,ignore,D_03_069,,#1eb2ad
1234,imagine,B_03_018,95.0,#0a676d
1235,IMAGINE_2,K_03_020,,#1eb2ad
1236,immature,G_01_82,11.0,#75e594
1237,immerse,E_02_32,4.0,#f9c2c6
1238,impact,D_02_051,,#1eb2ad
1239,important,B_01_081,20.0,#25e866
1240,impossible,B_01_032,71.0,#7ba3ed
1241,impress,F_02_32,173.0,#bed646
1242,improve,H_02_3,,#1eb2ad
1243,in,E_03_62,,#1eb2ad
1244,inch,H_01_56,141.0,#edd7a3
1245,incredible,J_03_080,8.0,#a8ffe3
1246,independent,J_03_040,8.0,#a8ffe3
1247,indian,C_03_009,44.0,#809ee5
1248,inept,J_02_032,,#1eb2ad
1249,infection,H_02_57,8.0,#a8ffe3
1250,influence,H_02_31,68.0,#d65e74
1251,inhale,J_03_048,,#1eb2ad
1252,inject,D_03_009,139.0,#301789
1253,innocent,G_02_62,,#1eb2ad
1254,inside,H_01_47,177.0,#018417
1255,inspire,G_02_51,,#1eb2ad
1256,inspiring,F_01_95,,#1eb2ad
1257,instagram,H_03_83,20.0,#25e866
1258,instead,H_01_79,20.0,#25e866
1259,institute,J_02_047,8.0,#a8ffe3
1260,insult,A_03_006,8.0,#a8ffe3
1261,insurance,D_02_030,8.0,#a8ffe3
1262,intelligent,H_02_80,11.0,#75e594
1263,intentional,G_02_40,4.0,#f9c2c6
1264,interest,B_03_038,,#1eb2ad
1265,interested_2,F_02_14,,#1eb2ad
1266,internet,C_02_032,,#1eb2ad
1267,interpret,J_02_009,,#1eb2ad
1268,interpreter,D_02_066,,#1eb2ad
1269,intervene,J_01_109,1.0,#9fa9f4
1270,interview,H_02_54,95.0,#0a676d
1271,introduce,D_01_076,12.0,#5a81ce
1272,intuitive,F_01_6,51.0,#f2d682
1273,invest,F_03_45,,#1eb2ad
1274,invisible,G_03_78,20.0,#25e866
1275,invite,C_02_007,15.0,#077741
1276,IPHONE,K_01_021,,#1eb2ad
1277,iron,D_01_063,,#1eb2ad
1278,IRON_2,K_02_106,,#1eb2ad
1279,IRON_3,K_03_040,,#1eb2ad
1280,island,A_01_025,,#1eb2ad
1281,isolated,F_02_33,8.0,#a8ffe3
1282,israel,B_02_018,11.0,#75e594
1283,italy,D_02_074,20.0,#25e866
1284,itch,J_01_068,86.0,#a52615
1285,jacket,C_02_008,,#1eb2ad
1286,JACKET_2,K_01_116,,#1eb2ad
1287,JACKET_3,K_02_079,,#1eb2ad
1288,JACKET_4,K_03_053,,#1eb2ad
1289,japan,D_01_046,20.0,#25e866
1290,jar,G_01_76,,#1eb2ad
1291,jaw_drop,J_02_014,,#1eb2ad
1292,jealous,C_03_051,,#1eb2ad
1293,jelly,C_02_040,71.0,#7ba3ed
1294,jellyfish,G_03_49,,#1eb2ad
1295,jewelry,H_03_40,,#1eb2ad
1296,jewish,C_03_032,,#1eb2ad
1297,jigsaw_puzzle,C_02_084,9.0,#cce07b
1298,join,G_03_39,,#1eb2ad
1299,joke,G_03_86,82.0,#f2e67d
1300,journey,E_03_37,161.0,#42a5b5
1301,judge,B_01_058,20.0,#25e866
1302,juggle,D_01_037,27.0,#9d7fd1
1303,juggler,E_03_51,27.0,#9d7fd1
1304,juice_1,G_03_22,,#1eb2ad
1305,juice_2,G_03_35,,#1eb2ad
1306,jump,C_02_089,38.0,#e1f9a2
1307,jump_rope,G_01_19,20.0,#25e866
1308,junior,J_03_082,1.0,#9fa9f4
1309,kangaroo,D_03_079,2.0,#ba98f2
1310,KANGAROO_2,K_01_037,,#1eb2ad
1311,KANGAROO_3,K_02_012,,#1eb2ad
1312,keep,H_03_5,182.0,#2fa4bf
1313,key,B_02_033,,#1eb2ad
1314,keyboard,B_03_070,0.0,#fff587
1315,kick,G_03_87,158.0,#9d68cc
1316,KICK_2,K_03_084,,#1eb2ad
1317,kid,C_03_057,,#1eb2ad
1318,kill,D_01_013,71.0,#7ba3ed
1319,kindergarten,H_03_62,178.0,#bfffa5
1320,king,C_01_056,,#1eb2ad
1321,kiss,D_02_014,55.0,#8448c9
1322,kiss_2,E_03_88,165.0,#f7cd96
1323,KISS_3,K_01_005,,#1eb2ad
1324,kiss_fist,J_03_038,7.0,#a33b11
1325,kiss_on_cheek,F_03_18,14.0,#fc46d8
1326,kitchen,A_02_016,40.0,#cc61ed
1327,kite,A_02_030,,#1eb2ad
1328,KITE_2,K_02_117,,#1eb2ad
1329,kitten,J_01_092,112.0,#4b8e0c
1330,kneel,C_03_021,38.0,#e1f9a2
1331,knife,B_02_011,82.0,#f2e67d
1332,KNIFE_2,K_03_043,,#1eb2ad
1333,knight,H_01_54,20.0,#25e866
1334,KNIGHT_2,K_01_053,,#1eb2ad
1335,KNIGHT_3,K_02_034,,#1eb2ad
1336,KNIGHT_4_subj1545D,K_03_026,,#1eb2ad
1337,KNIGHT_5_subj0646D,K_01_087,,#1eb2ad
1338,knitting,D_03_071,134.0,#5977ff
1339,KNITTING_2,K_02_025,,#1eb2ad
1340,KNITTING_3,K_03_013,,#1eb2ad
1341,knock,F_01_42,9.0,#cce07b
1342,knock_off,H_03_35,12.0,#5a81ce
1343,know,C_01_048,14.0,#fc46d8
1344,know_nothing,H_02_64,11.0,#75e594
1345,label,J_02_105,38.0,#e1f9a2
1346,lamp,D_03_037,0.0,#fff587
1347,LAMP_2,K_01_004,,#1eb2ad
1348,land,G_02_66,12.0,#5a81ce
1349,language,A_01_067,8.0,#a8ffe3
1350,laptop,C_03_042,1.0,#9fa9f4
1351,last,B_01_038,8.0,#a8ffe3
1352,last_week,H_01_98,71.0,#7ba3ed
1353,late,C_01_013,15.0,#077741
1354,later,D_01_077,8.0,#a8ffe3
1355,laugh,C_03_028,,#1eb2ad
1356,law,F_03_78,56.0,#489baf
1357,lawnmower,B_03_064,27.0,#9d7fd1
1358,lawyer,A_03_007,56.0,#489baf
1359,lay_down,J_02_004,38.0,#e1f9a2
1360,lazy,A_02_050,19.0,#0c48cc
1361,lead,J_01_046,37.0,#c1ff9b
1362,leaf,D_02_083,,#1eb2ad
1363,LEAF_2,K_02_073,,#1eb2ad
1364,league,H_01_92,8.0,#a8ffe3
1365,leak,F_02_38,1.0,#9fa9f4
1366,learn,B_01_042,39.0,#0e54af
1367,learn_lesson,E_02_41,14.0,#fc46d8
1368,leather,G_02_8,,#1eb2ad
1369,leave,B_02_084,2.0,#ba98f2
1370,leave_alone,H_03_105,2.0,#ba98f2
1371,lecture,C_03_048,15.0,#077741
1372,left,J_03_103,8.0,#a8ffe3
1373,lemon,A_01_069,28.0,#f7b2d3
1374,LEMON_2,K_03_017,,#1eb2ad
1375,lend,J_01_088,76.0,#474ed3
1376,lesbian,H_01_57,11.0,#75e594
1377,less,E_02_43,,#1eb2ad
1378,lesson,D_03_083,132.0,#f78c80
1379,let_go,F_02_34,20.0,#25e866
1380,let_know,D_02_028,,#1eb2ad
1381,let_me_see,E_01_92,118.0,#9700dd
1382,letter,C_01_031,44.0,#809ee5
1383,lettuce,A_01_083,14.0,#fc46d8
1384,library,A_02_041,8.0,#a8ffe3
1385,LICENSE,K_02_125,,#1eb2ad
1386,lick_1,E_02_21,,#1eb2ad
1387,lick_2,F_02_90,,#1eb2ad
1388,LICK_ENVELOPE,K_01_035,,#1eb2ad
1389,LICK_ENVELOPE_2,K_02_028,,#1eb2ad
1390,lie,B_03_012,14.0,#fc46d8
1391,lift,G_02_82,2.0,#ba98f2
1392,LIFT_2,K_03_029,,#1eb2ad
1393,LIGHT_2,K_01_102,,#1eb2ad
1394,LIGHT_CANDLE,K_02_116,,#1eb2ad
1395,light_weight,C_01_012,21.0,#5f4dbc
1396,lighter,D_02_025,9.0,#cce07b
1397,lightning,D_02_069,8.0,#a8ffe3
1398,lights_on,E_03_66,,#1eb2ad
1399,like,F_03_63,168.0,#d8f291
1400,limited,G_01_3,,#1eb2ad
1401,line,C_02_069,8.0,#a8ffe3
1402,linguistics,H_01_4,8.0,#a8ffe3
1403,lion,A_03_012,31.0,#edaaa1
1404,lipreading,E_03_47,102.0,#f7c074
1405,lips,G_02_43,,#1eb2ad
1406,lipstick,B_02_046,29.0,#68e8cc
1407,list,D_01_041,132.0,#f78c80
1408,LISTEN,K_01_117,,#1eb2ad
1409,live_1,B_03_046,,#1eb2ad
1410,live_2,B_03_061,,#1eb2ad
1411,living_room,F_02_16,63.0,#ade861
1412,load,H_01_55,2.0,#ba98f2
1413,LOAD_2,K_02_003,,#1eb2ad
1414,lobster,D_01_072,0.0,#fff587
1415,LOBSTER_2,K_03_039,,#1eb2ad
1416,LOBSTER_3,K_01_051,,#1eb2ad
1417,lock,D_01_078,,#1eb2ad
1418,lock_2,H_02_17,,#1eb2ad
1419,LOCK_3,K_02_067,,#1eb2ad
1420,LOCKER,K_01_126,,#1eb2ad
1421,lollipop,E_02_95,11.0,#75e594
1422,lonely,B_03_078,4.0,#f9c2c6
1423,long,G_01_59,119.0,#a80f49
1424,long_ago,J_01_026,,#1eb2ad
1425,long_line,D_01_038,2.0,#ba98f2
1426,long_time,J_03_013,11.0,#75e594
1427,long_word,H_02_47,8.0,#a8ffe3
1428,look_appearance,B_02_068,29.0,#68e8cc
1429,look_at,B_01_041,73.0,#0286d3
1430,look_away,F_02_98,12.0,#5a81ce
1431,look_back,J_01_094,73.0,#0286d3
1432,look_for,B_03_045,31.0,#edaaa1
1433,look_forward,F_02_22,73.0,#0286d3
1434,look_like,G_03_29,,#1eb2ad
1435,lose,D_03_064,38.0,#e1f9a2
1436,lose_game,C_02_009,38.0,#e1f9a2
1437,lost,J_01_017,12.0,#5a81ce
1438,loud,D_02_007,4.0,#f9c2c6
1439,lousy,F_01_74,,#1eb2ad
1440,love,G_01_68,47.0,#012b5b
1441,loyal,D_03_017,144.0,#fcef3a
1442,luck,H_03_9,11.0,#75e594
1443,lucky,D_02_008,,#1eb2ad
1444,lunch_1,F_01_76,11.0,#75e594
1445,lunch_2,G_02_81,14.0,#fc46d8
1446,lungs,G_01_26,,#1eb2ad
1447,machine,A_03_078,2.0,#ba98f2
1448,mad,F_01_84,,#1eb2ad
1449,magazine,A_02_076,,#1eb2ad
1450,magic,D_03_018,,#1eb2ad
1451,magnet,C_03_003,20.0,#25e866
1452,MAGNET_2,K_03_066,,#1eb2ad
1453,MAGNET_3,K_01_026,,#1eb2ad
1454,MAGNET_4,K_02_009,,#1eb2ad
1455,magnify,G_01_73,176.0,#96ff2d
1456,MAGNIFY_2,K_03_089,,#1eb2ad
1457,maid,G_01_44,14.0,#fc46d8
1458,mail,D_02_019,44.0,#809ee5
1459,MAIL_2,K_01_112,,#1eb2ad
1460,mailman,F_02_82,44.0,#809ee5
1461,mainstream,J_03_037,12.0,#5a81ce
1462,major,J_01_057,1.0,#9fa9f4
1463,make,C_01_032,27.0,#9d7fd1
1464,make_believe,J_02_097,14.0,#fc46d8
1465,makeup,G_03_71,73.0,#0286d3
1466,man,C_01_040,14.0,#fc46d8
1467,manage,J_01_023,20.0,#25e866
1468,many,D_03_065,27.0,#9d7fd1
1469,maple,H_03_64,50.0,#281c96
1470,march,J_01_013,32.0,#eacf75
1471,marionette,F_03_73,20.0,#25e866
1472,marry,F_02_7,143.0,#9d86e0
1473,mascara,D_01_071,,#1eb2ad
1474,massage,H_01_100,181.0,#dd4fa5
1475,match,D_01_050,2.0,#ba98f2
1476,math,A_03_027,27.0,#9d7fd1
1477,maybe,B_03_022,2.0,#ba98f2
1478,mcdonalds_2,C_01_035,,#1eb2ad
1479,me,B_01_068,77.0,#8ed5e5
1480,mea_culpa,K_03_048,,#1eb2ad
1481,mean_1,B_02_069,34.0,#1049ce
1482,mean_2,C_01_046,107.0,#ffc9d1
1483,mean_3(cruel),J_02_83,14.0,#fc46d8
1484,measure,C_02_037,,#1eb2ad
1485,MEASURE_2,K_02_054,,#1eb2ad
1486,meat,D_02_022,,#1eb2ad
1487,meat_2,F_03_21,140.0,#cefc79
1488,mechanic_1,A_03_030,61.0,#f224dd
1489,mechanic_2,D_01_066,61.0,#f224dd
1490,medicine,C_03_040,71.0,#7ba3ed
1491,meditate,J_01_037,50.0,#281c96
1492,MEDITATE_2,K_03_061,,#1eb2ad
1493,MEDITATE_3,K_01_033,,#1eb2ad
1494,meet,D_02_018,8.0,#a8ffe3
1495,meeting,C_03_082,0.0,#fff587
1496,megaphone,G_03_102,53.0,#ffa393
1497,melon,G_03_25,179.0,#9af718
1498,melt,F_01_50,2.0,#ba98f2
1499,member,F_02_46,174.0,#56aabc
1500,memorize,G_03_81,,#1eb2ad
1501,memorize_memorize,E_03_10,99.0,#4c3e9b
1502,mention(altvar),J_03_012,4.0,#f9c2c6
1503,mess,J_03_008,12.0,#5a81ce
1504,metal,D_02_037,11.0,#75e594
1505,metaphor,D_02_059,,#1eb2ad
1506,mexican,H_03_91,,#1eb2ad
1507,mexican_1,J_02_045,73.0,#0286d3
1508,microphone,F_02_96,,#1eb2ad
1509,microscope,A_03_076,66.0,#e20486
1510,microscope_2,F_02_53,,#1eb2ad
1511,MICROSCOPE_3,K_02_008,,#1eb2ad
1512,microwave,A_02_043,27.0,#9d7fd1
1513,middle,H_01_39,103.0,#f7b7dc
1514,milk,A_01_051,0.0,#fff587
1515,MILK_2,K_03_070,,#1eb2ad
1516,mime,D_03_019,,#1eb2ad
1517,mind,B_01_046,11.0,#75e594
1518,mind_turned,J_01_034,4.0,#f9c2c6
1519,MINE,K_01_030,,#1eb2ad
1520,MINIMUM,J_03_077,1.0,#9fa9f4
1521,minute,B_01_074,71.0,#7ba3ed
1522,mirror,A_03_034,30.0,#eeffb2
1523,mischievous,E_02_35,,#1eb2ad
1524,miss,G_02_49,4.0,#f9c2c6
1525,missing,E_02_17,85.0,#f427bd
1526,misunderstand,C_03_027,,#1eb2ad
1527,mix,H_02_10,12.0,#5a81ce
1528,MIX_2,K_02_098,,#1eb2ad
1529,MIX_3,K_03_118,,#1eb2ad
1530,mock,C_01_015,4.0,#f9c2c6
1531,model_1(fashion),H_02_89,19.0,#0c48cc
1532,model_2,J_02_005,5.0,#f2dd8a
1533,model_3,H_03_42,20.0,#25e866
1534,monday,C_03_070,,#1eb2ad
1535,money,C_01_042,5.0,#f2dd8a
1536,MONEY_2,K_01_104,,#1eb2ad
1537,monkey,A_01_016,,#1eb2ad
1538,monster,F_03_14,12.0,#5a81ce
1539,month,A_01_073,,#1eb2ad
1540,moon,A_01_036,,#1eb2ad
1541,moose,G_02_100,65.0,#f2a4e7
1542,mop,A_02_090,20.0,#25e866
1543,MOP_2,K_02_064,,#1eb2ad
1544,more,B_03_032,2.0,#ba98f2
1545,morning,C_02_012,15.0,#077741
1546,mosquito_1,H_03_53,62.0,#4ed36d
1547,most,E_01_85,141.0,#edd7a3
1548,mother,B_02_008,14.0,#fc46d8
1549,motivation_1,E_02_47,2.0,#ba98f2
1550,motivation_2,G_03_37,2.0,#ba98f2
1551,motorcycle,D_01_011,,#1eb2ad
1552,mountain,A_01_055,22.0,#ea98e2
1553,MOUNTAIN_2,K_03_108,,#1eb2ad
1554,mouse,A_03_009,11.0,#75e594
1555,mouth,C_02_087,29.0,#68e8cc
1556,move,D_03_090,12.0,#5a81ce
1557,move_down,G_01_53,12.0,#5a81ce
1558,movie,D_01_026,1.0,#9fa9f4
1559,movies,B_03_077,1.0,#9fa9f4
1560,much,B_01_061,12.0,#5a81ce
1561,mummy,G_03_77,51.0,#f2d682
1562,murder,F_02_77,71.0,#7ba3ed
1563,muscle,G_01_95,,#1eb2ad
1564,museum,C_01_024,27.0,#9d7fd1
1565,mushroom,E_02_89,159.0,#92d60a
1566,music,A_01_080,33.0,#c4d2fc
1567,must,F_02_4,8.0,#a8ffe3
1568,mustache,B_01_021,,#1eb2ad
1569,my,C_01_060,51.0,#f2d682
1570,myself,D_03_024,47.0,#012b5b
1571,nail,G_03_10,,#1eb2ad
1572,nail_clipper,E_01_77,,#1eb2ad
1573,naked,H_01_87,183.0,#f48bd3
1574,name,D_01_021,1.0,#9fa9f4
1575,napkin,A_03_019,31.0,#edaaa1
1576,navel,E_03_7,13.0,#d67039
1577,navy,H_03_49,,#1eb2ad
1578,near,G_01_14,1.0,#9fa9f4
1579,neck_1,F_02_81,127.0,#78e7ed
1580,necklace,A_02_072,52.0,#82badd
1581,NECKLACE_2,K_01_071,,#1eb2ad
1582,NECKLACE_3,K_02_080,,#1eb2ad
1583,NECKLACE_4,K_03_090,,#1eb2ad
1584,need,C_02_034,8.0,#a8ffe3
1585,needle,H_02_77,,#1eb2ad
1586,negative,J_01_008,71.0,#7ba3ed
1587,nephew,A_01_005,,#1eb2ad
1588,nerve,G_02_45,43.0,#b7beff
1589,net,G_02_21,2.0,#ba98f2
1590,network,J_02_075,21.0,#5f4dbc
1591,neutral,A_03_021,58.0,#f1b2f4
1592,never,C_02_079,15.0,#077741
1593,new,B_02_070,88.0,#22a1ad
1594,new_york,B_01_034,71.0,#7ba3ed
1595,news_to_me,H_01_78,3.0,#75e57c
1596,newspaper,D_02_053,74.0,#cefcae
1597,next,E_03_80,1.0,#9fa9f4
1598,next_down,J_03_101,71.0,#7ba3ed
1599,next_to,F_03_8,1.0,#9fa9f4
1600,next_year,J_03_083,,#1eb2ad
1601,nice,G_03_59,1.0,#9fa9f4
1602,niece,E_01_80,,#1eb2ad
1603,night,A_01_003,1.0,#9fa9f4
1604,nine,E_03_8,50.0,#281c96
1605,No,C_03_041,,#1eb2ad
1606,no_big_deal,H_03_44,20.0,#25e866
1607,noise,E_02_031,,#1eb2ad
1608,none,J_02_046,5.0,#f2dd8a
1609,noon_1,G_03_2,,#1eb2ad
1610,noon_2,G_02_14,15.0,#077741
1611,noose,G_02_76,,#1eb2ad
1612,normal,F_02_36,,#1eb2ad
1613,north,C_01_080,58.0,#f1b2f4
1614,nose,G_03_75,4.0,#f9c2c6
1615,NOSE_BLEED,K_01_092,,#1eb2ad
1616,not,E_01_100,79.0,#41cc66
1617,not_a_thing,J_02_088,31.0,#edaaa1
1618,not_care,D_03_044,,#1eb2ad
1619,not_interested,E_01_82,4.0,#f9c2c6
1620,not_mind,G_01_60,4.0,#f9c2c6
1621,not_understand,G_01_49,,#1eb2ad
1622,not_used_to,F_03_100,2.0,#ba98f2
1623,not_yet,D_01_044,0.0,#fff587
1624,nothing,B_01_079,12.0,#5a81ce
1625,nothing_2,E_02_65,20.0,#25e866
1626,nothing_at_all,J_03_032,,#1eb2ad
1627,now,C_03_062,8.0,#a8ffe3
1628,numbers,C_02_051,,#1eb2ad
1629,nurse,C_03_065,126.0,#8350e0
1630,nut,D_02_073,79.0,#41cc66
1631,NUT_2,K_02_066,,#1eb2ad
1632,obsess,J_03_002,4.0,#f9c2c6
1633,obvious,E_03_56,34.0,#1049ce
1634,ocean,G_03_76,14.0,#fc46d8
1635,octopus,F_03_7,,#1eb2ad
1636,off,E_01_27,149.0,#fcdfae
1637,off_the_point,D_01_025,,#1eb2ad
1638,offend,D_03_039,8.0,#a8ffe3
1639,offhand,E_01_72,4.0,#f9c2c6
1640,office,A_01_063,12.0,#5a81ce
1641,often,J_02_106,,#1eb2ad
1642,oh_I_see,E_01_38,8.0,#a8ffe3
1643,oil,H_02_78,,#1eb2ad
1644,OIL_2,K_03_068,,#1eb2ad
1645,OIL_3,K_01_077,,#1eb2ad
1646,ok,F_03_80,149.0,#fcdfae
1647,old,D_01_007,,#1eb2ad
1648,oldest,H_03_24,,#1eb2ad
1649,on,E_03_4,1.0,#9fa9f4
1650,once,J_02_059,71.0,#7ba3ed
1651,one,F_03_12,8.0,#a8ffe3
1652,one_more_1,H_03_41,,#1eb2ad
1653,one_more_2,J_01_066,83.0,#3ff47c
1654,one_year_ago,H_02_43,,#1eb2ad
1655,onion,A_03_038,4.0,#f9c2c6
1656,ooh,H_01_13,29.0,#68e8cc
1657,oops,D_03_056,14.0,#fc46d8
1658,open,G_03_88,12.0,#5a81ce
1659,open_book,E_02_22,12.0,#5a81ce
1660,open_wallet,E_03_2,2.0,#ba98f2
1661,operate_machine,G_02_26,1.0,#9fa9f4
1662,opinion_1(shake),J_01_108,,#1eb2ad
1663,opinion_2,H_03_101,14.0,#fc46d8
1664,opportunity,J_02_090,149.0,#fcdfae
1665,option,F_01_92,,#1eb2ad
1666,or_1,F_03_81,,#1eb2ad
1667,oral,C_03_024,,#1eb2ad
1668,orange,A_02_020,,#1eb2ad
1669,orange_eyes,E_03_87,35.0,#c2bbf9
1670,orange_throat,F_02_39,24.0,#af95e5
1671,order_1,C_02_064,2.0,#ba98f2
1672,order_2,C_03_036,,#1eb2ad
1673,organization,J_03_033,12.0,#5a81ce
1674,ostrich,F_03_98,,#1eb2ad
1675,other,B_02_043,9.0,#cce07b
1676,our,G_02_67,108.0,#06e278
1677,out,E_02_66,85.0,#f427bd
1678,outside,E_03_71,34.0,#1049ce
1679,over_1,F_03_79,1.0,#9fa9f4
1680,overlook,G_01_66,31.0,#edaaa1
1681,overnight,J_01_076,12.0,#5a81ce
1682,overtake,J_02_007,,#1eb2ad
1683,overwhelmed,G_03_64,31.0,#edaaa1
1684,owe,C_01_089,71.0,#7ba3ed
1685,owl,D_01_087,,#1eb2ad
1686,own,D_03_046,146.0,#edf98b
1687,pacifier,J_03_069,14.0,#fc46d8
1688,pack,H_02_60,12.0,#5a81ce
1689,page,G_01_70,155.0,#99f453
1690,pageant,H_02_100,,#1eb2ad
1691,pain,C_03_033,,#1eb2ad
1692,paint,D_01_048,,#1eb2ad
1693,paintbrush,A_02_079,,#1eb2ad
1694,pair,H_03_31,125.0,#6637b7
1695,pancake,G_03_68,1.0,#9fa9f4
1696,pants,A_01_058,25.0,#edd37d
1697,PANTS_2,K_02_104,,#1eb2ad
1698,paper,A_01_026,1.0,#9fa9f4
1699,papercutter,A_03_082,1.0,#9fa9f4
1700,parachute,A_01_021,,#1eb2ad
1701,PARACHUTE_2,K_03_005,,#1eb2ad
1702,PARACHUTE_3,K_01_059,,#1eb2ad
1703,parade,B_02_039,2.0,#ba98f2
1704,paragraph,E_02_90,88.0,#22a1ad
1705,parallel,H_03_67,8.0,#a8ffe3
1706,paranoid,J_02_021,,#1eb2ad
1707,parents,B_03_044,14.0,#fc46d8
1708,park,E_03_28,38.0,#e1f9a2
1709,party_1,F_02_1,76.0,#474ed3
1710,party_2,G_02_59,45.0,#03bc16
1711,pass,H_03_33,9.0,#cce07b
1712,pass_out,G_02_2,,#1eb2ad
1713,passport,E_01_103,5.0,#f2dd8a
1714,past,C_01_049,,#1eb2ad
1715,patient_1,B_01_060,,#1eb2ad
1716,patient_2,B_01_085,79.0,#41cc66
1717,patient_3,D_02_056,79.0,#41cc66
1718,pay,F_01_82,71.0,#7ba3ed
1719,pay_off_bills,F_03_36,71.0,#7ba3ed
1720,peace,B_01_089,12.0,#5a81ce
1721,peach,A_01_070,,#1eb2ad
1722,PEACH_2,K_02_087,,#1eb2ad
1723,peacock,G_02_88,,#1eb2ad
1724,peanut_butter,E_02_77,79.0,#41cc66
1725,pear,F_02_6,,#1eb2ad
1726,peas_1,F_01_17,,#1eb2ad
1727,peas_2,F_02_52,,#1eb2ad
1728,PECK,K_03_010,,#1eb2ad
1729,peekaboo,E_02_26,31.0,#edaaa1
1730,peel,H_03_52,,#1eb2ad
1731,PEEL_2,K_01_052,,#1eb2ad
1732,PEEL_3,K_02_103,,#1eb2ad
1733,peg,D_02_006,,#1eb2ad
1734,PEG_2,K_03_083,,#1eb2ad
1735,PEG_3,K_01_103,,#1eb2ad
1736,pen,E_02_97,62.0,#4ed36d
1737,pencil,A_02_053,11.0,#75e594
1738,penguin,F_01_88,25.0,#edd37d
1739,penis,F_03_95,112.0,#4b8e0c
1740,penny,D_01_049,11.0,#75e594
1741,people,C_01_009,76.0,#474ed3
1742,pepper,A_02_085,20.0,#25e866
1743,pepsi,C_01_021,,#1eb2ad
1744,perceive,J_02_063,,#1eb2ad
1745,percent,C_02_082,15.0,#077741
1746,perfect,D_01_008,20.0,#25e866
1747,perfume,A_02_073,,#1eb2ad
1748,perfume_2,F_01_46,,#1eb2ad
1749,period(that'sit),J_02_107,11.0,#75e594
1750,permission,G_03_93,76.0,#474ed3
1751,persistent,E_01_78,9.0,#cce07b
1752,person,B_01_066,76.0,#474ed3
1753,perspective,H_01_6,,#1eb2ad
1754,persuade,G_01_91,20.0,#25e866
1755,pet,F_01_63,,#1eb2ad
1756,PET_2,K_02_085,,#1eb2ad
1757,pharmacist,E_01_51,71.0,#7ba3ed
1758,philadelphia,H_02_23,76.0,#474ed3
1759,philosophy_2,H_03_95,14.0,#fc46d8
1760,photography,J_01_038,8.0,#a8ffe3
1761,physics,E_03_14,,#1eb2ad
1762,piano,A_03_029,2.0,#ba98f2
1763,PICK_2,K_03_071,,#1eb2ad
1764,pickle_1,H_03_98,64.0,#d69846
1765,picnic_1,E_03_40,,#1eb2ad
1766,picture,A_02_042,14.0,#fc46d8
1767,pie,A_01_074,,#1eb2ad
1768,pig,A_02_032,14.0,#fc46d8
1769,pile,B_02_077,12.0,#5a81ce
1770,pill,B_01_050,75.0,#02325b
1771,pillow,A_02_019,41.0,#2469d8
1772,PILLOW_2,K_01_097,,#1eb2ad
1773,PILLOW_3,K_02_049,,#1eb2ad
1774,pin_on,G_02_96,,#1eb2ad
1775,pinch,H_01_95,,#1eb2ad
1776,PINCH_2,K_03_112,,#1eb2ad
1777,pineapple,C_02_088,,#1eb2ad
1778,PINEAPPLE_2,K_01_056,,#1eb2ad
1779,PINEAPPLE_3,K_02_011,,#1eb2ad
1780,PINEAPPLE_4,K_03_076,,#1eb2ad
1781,PINEAPPLE_5,K_01_084,,#1eb2ad
1782,pink,C_01_074,112.0,#4b8e0c
1783,pipe,B_03_027,11.0,#75e594
1784,PIPE_2,K_02_018,,#1eb2ad
1785,PIPE_3,K_03_113,,#1eb2ad
1786,PIPE_4,K_01_011,,#1eb2ad
1787,pirate,A_03_058,14.0,#fc46d8
1788,pissed_off,H_03_56,,#1eb2ad
1789,pitcher,G_01_28,45.0,#03bc16
1790,pity,C_03_022,21.0,#5f4dbc
1791,pizza_1,G_01_13,45.0,#03bc16
1792,pizza_2,E_02_85,,#1eb2ad
1793,pizza_cutter,E_02_84,20.0,#25e866
1794,pjs,E_03_102,,#1eb2ad
1795,place,G_01_29,76.0,#474ed3
1796,place_2(y),H_01_41,8.0,#a8ffe3
1797,plain,E_03_79,4.0,#f9c2c6
1798,plan,E_03_34,2.0,#ba98f2
1799,planet,F_01_19,,#1eb2ad
1800,plant,E_01_29,85.0,#f427bd
1801,plate,F_02_60,20.0,#25e866
1802,platform,E_03_70,2.0,#ba98f2
1803,play,C_01_066,45.0,#03bc16
1804,players,G_03_62,45.0,#03bc16
1805,playground,A_02_029,45.0,#03bc16
1806,please,B_02_007,81.0,#673bce
1807,plenty,E_01_14,135.0,#9ce3e5
1808,pliers,D_01_032,9.0,#cce07b
1809,plow,H_02_58,2.0,#ba98f2
1810,PLOW_2,K_02_089,,#1eb2ad
1811,plug_1,E_01_22,,#1eb2ad
1812,PLUG_2,K_01_063,,#1eb2ad
1813,plummet,G_03_28,71.0,#7ba3ed
1814,plunger,A_01_087,27.0,#9d7fd1
1815,plus,J_03_045,82.0,#f2e67d
1816,point,D_01_075,,#1eb2ad
1817,point_index,K_02_083,,#1eb2ad
1818,pole,H_02_14,20.0,#25e866
1819,policeman,A_01_052,19.0,#0c48cc
1820,POLICEMAN_2,K_03_104,,#1eb2ad
1821,policy,J_03_063,,#1eb2ad
1822,polish,J_01_086,67.0,#22117f
1823,ponder,H_01_43,66.0,#e20486
1824,pool,D_02_010,,#1eb2ad
1825,poop,H_03_72,141.0,#edd7a3
1826,poor,C_02_011,,#1eb2ad
1827,pop,D_03_023,,#1eb2ad
1828,POP_2,K_01_049,,#1eb2ad
1829,POP_3,K_02_115,,#1eb2ad
1830,POP_4,K_03_031,,#1eb2ad
1831,popcorn,A_02_080,20.0,#25e866
1832,pope,G_02_77,,#1eb2ad
1833,popular,J_01_016,,#1eb2ad
1834,porcupine,G_01_33,,#1eb2ad
1835,positive,J_02_050,82.0,#f2e67d
1836,possible,B_02_005,27.0,#9d7fd1
1837,possum,H_03_79,8.0,#a8ffe3
1838,postpone,H_01_12,20.0,#25e866
1839,potato,A_03_050,,#1eb2ad
1840,pour,F_02_63,,#1eb2ad
1841,POUR_2,K_01_094,,#1eb2ad
1842,powder,H_01_26,,#1eb2ad
1843,power,C_03_069,,#1eb2ad
1844,practice,F_03_2,,#1eb2ad
1845,prayer,C_03_090,2.0,#ba98f2
1846,preacher,D_01_019,20.0,#25e866
1847,precious,H_02_71,89.0,#22e84a
1848,predict,F_01_58,,#1eb2ad
1849,prefer,B_01_078,,#1eb2ad
1850,pregnant,H_01_31,,#1eb2ad
1851,president,D_02_016,46.0,#c6cfff
1852,"press(click,poke,push)",H_03_6,71.0,#7ba3ed
1853,press_in_mind,E_02_82,44.0,#809ee5
1854,pretend,D_03_062,11.0,#75e594
1855,pretty,C_01_022,99.0,#4c3e9b
1856,price,C_02_004,71.0,#7ba3ed
1857,pride,A_01_081,,#1eb2ad
1858,priest,D_03_026,,#1eb2ad
1859,prince,E_01_3,98.0,#c7dd77
1860,principal,H_01_30,,#1eb2ad
1861,print,B_01_045,74.0,#cefcae
1862,priority,J_01_074,,#1eb2ad
1863,prison,A_01_090,2.0,#ba98f2
1864,problem_1,C_03_010,,#1eb2ad
1865,problem_2,B_03_047,3.0,#75e57c
1866,process,E_03_55,2.0,#ba98f2
1867,produce_sign,J_03_051,0.0,#fff587
1868,profoundly_deaf,H_02_16,,#1eb2ad
1869,program,G_02_84,178.0,#bfffa5
1870,project,J_01_054,,#1eb2ad
1871,promise,A_01_071,4.0,#f9c2c6
1872,promote,D_01_061,2.0,#ba98f2
1873,proof,E_02_19,1.0,#9fa9f4
1874,propeller_1,F_01_38,49.0,#bdf99d
1875,propeller_2,E_01_23,,#1eb2ad
1876,"propose(proposal,offer,submit,suggest)",H_02_26,2.0,#ba98f2
1877,protection,C_03_037,2.0,#ba98f2
1878,protest,H_03_26,27.0,#9d7fd1
1879,provide,H_01_45,12.0,#5a81ce
1880,proximalization,J_01_106,,#1eb2ad
1881,psychologist,A_03_010,57.0,#2cb51c
1882,psychology,F_02_74,57.0,#2cb51c
1883,public,H_02_29,2.0,#ba98f2
1884,pull,D_02_062,20.0,#25e866
1885,pull_convince,G_03_69,20.0,#25e866
1886,pumpkin,H_02_56,179.0,#9af718
1887,punch_face,J_01_051,7.0,#a33b11
1888,punish,C_02_041,119.0,#a80f49
1889,purple,B_02_067,,#1eb2ad
1890,push,D_02_077,2.0,#ba98f2
1891,put,F_03_46,12.0,#5a81ce
1892,put_aside,G_02_7,2.0,#ba98f2
1893,put_in_back_mind,E_01_76,,#1eb2ad
1894,puzzled,B_01_012,4.0,#f9c2c6
1895,Q_tip,F_03_74,75.0,#02325b
1896,qm,J_02_011,83.0,#3ff47c
1897,quality,J_02_095,144.0,#fcef3a
1898,quarter,H_02_49,8.0,#a8ffe3
1899,queen,A_03_055,,#1eb2ad
1900,quiet,C_01_037,,#1eb2ad
1901,quit,F_01_79,18.0,#ce7e42
1902,rabbit,C_02_024,,#1eb2ad
1903,RABBIT_2,K_03_119,,#1eb2ad
1904,raccoon_1,H_02_82,31.0,#edaaa1
1905,race,F_02_75,9.0,#cce07b
1906,RACECAR_TRACK,K_02_121,,#1eb2ad
1907,radio,A_01_075,30.0,#eeffb2
1908,rafting,E_03_89,15.0,#077741
1909,rain,A_03_061,2.0,#ba98f2
1910,rainbow,F_03_1,15.0,#077741
1911,raisin,E_03_19,87.0,#ed15a8
1912,rake,D_03_021,88.0,#22a1ad
1913,range,H_01_101,,#1eb2ad
1914,rat,D_02_081,73.0,#0286d3
1915,razor,A_01_089,11.0,#75e594
1916,RAZOR_2,K_03_103,,#1eb2ad
1917,REACH,K_01_107,,#1eb2ad
1918,react,H_03_65,187.0,#ce79e5
1919,read,A_01_022,10.0,#f9791d
1920,ready,F_03_42,15.0,#077741
1921,real_sick,G_01_71,3.0,#75e57c
1922,really,B_02_021,11.0,#75e594
1923,really_into,H_02_79,,#1eb2ad
1924,reason,C_01_076,102.0,#f7c074
1925,recent_1,H_03_90,4.0,#f9c2c6
1926,recent_2(tap),J_02_056,11.0,#75e594
1927,recite,J_02_078,34.0,#1049ce
1928,record,G_01_24,21.0,#5f4dbc
1929,recording,B_03_089,21.0,#5f4dbc
1930,red,C_02_090,4.0,#f9c2c6
1931,red_faced,F_03_30,11.0,#75e594
1932,reduce,E_01_42,26.0,#f9d566
1933,reflect,E_03_36,73.0,#0286d3
1934,refrigerator,G_01_1,145.0,#cbf4a1
1935,refuse,H_01_62,145.0,#cbf4a1
1936,register,F_01_21,167.0,#d186e0
1937,regular,J_01_067,82.0,#f2e67d
1938,relationship,B_01_023,70.0,#efaad0
1939,relax,D_03_081,51.0,#f2d682
1940,RELAX_2,K_02_032,,#1eb2ad
1941,release(sameasFREEDOM),E_03_59,27.0,#9d7fd1
1942,relief,H_01_63,,#1eb2ad
1943,religion,B_03_029,98.0,#c7dd77
1944,remember,C_02_014,44.0,#809ee5
1945,remember_2,H_03_38,44.0,#809ee5
1946,remind,J_02_103,,#1eb2ad
1947,remote_control,B_03_004,9.0,#cce07b
1948,remove,J_02_092,,#1eb2ad
1949,replace,J_03_007,20.0,#25e866
1950,request,E_01_24,2.0,#ba98f2
1951,requirement,C_01_078,71.0,#7ba3ed
1952,rescue,H_02_67,27.0,#9d7fd1
1953,research,B_03_084,18.0,#ce7e42
1954,resent,J_03_039,,#1eb2ad
1955,resign(sameas'getoff'),J_01_084,169.0,#9bf7eb
1956,resist,G_03_30,27.0,#9d7fd1
1957,respect,J_01_029,187.0,#ce79e5
1958,responsibility,B_01_018,51.0,#f2d682
1959,rest,B_01_031,51.0,#f2d682
1960,rest_all_day,J_03_043,11.0,#75e594
1961,restaurant,D_02_045,,#1eb2ad
1962,restless,E_03_3,,#1eb2ad
1963,result,J_01_039,,#1eb2ad
1964,retire,J_03_084,,#1eb2ad
1965,retrieve,H_02_28,3.0,#75e57c
1966,revenge,D_03_088,11.0,#75e594
1967,rhino,D_03_016,11.0,#75e594
1968,RHINO_2,K_03_116,,#1eb2ad
1969,RHINO_3,K_01_088,,#1eb2ad
1970,RIBBON_AWARD,K_01_122,,#1eb2ad
1971,rich,F_03_103,,#1eb2ad
1972,ride,F_03_23,,#1eb2ad
1973,ride_2(vb),J_03_026,38.0,#e1f9a2
1974,right_1,C_01_065,8.0,#a8ffe3
1975,right_2,C_01_070,15.0,#077741
1976,right_3(legal),J_03_095,1.0,#9fa9f4
1977,ring,A_03_053,,#1eb2ad
1978,risk(take_risk),F_02_26,20.0,#25e866
1979,river,A_03_035,11.0,#75e594
1980,river_2,F_02_66,2.0,#ba98f2
1981,road,F_02_83,2.0,#ba98f2
1982,roar,J_03_062,31.0,#edaaa1
1983,ROAR_2,K_02_094,,#1eb2ad
1984,roast,J_02_038,8.0,#a8ffe3
1985,rob,G_02_93,2.0,#ba98f2
1986,robot,F_01_34,2.0,#ba98f2
1987,rock,A_01_030,1.0,#9fa9f4
1988,rocket_1,E_01_16,18.0,#ce7e42
1989,rocket_2,E_02_88,18.0,#ce7e42
1990,rocking_chair_1,E_03_24,12.0,#5a81ce
1991,rocking_chair_2,G_01_10,3.0,#75e57c
1992,role,H_03_36,,#1eb2ad
1993,roll,E_03_11,8.0,#a8ffe3
1994,roll_up_sleeves,H_03_34,,#1eb2ad
1995,rollerblading,D_02_033,2.0,#ba98f2
1996,rollerskating,A_02_074,3.0,#75e57c
1997,roof,F_01_39,2.0,#ba98f2
1998,room,A_01_024,2.0,#ba98f2
1999,roommate,H_03_73,2.0,#ba98f2
2000,rooster,A_03_051,14.0,#fc46d8
2001,rope,D_03_012,,#1eb2ad
2002,rose,G_03_24,,#1eb2ad
2003,rough,F_01_28,88.0,#22a1ad
2004,row,G_03_47,27.0,#9d7fd1
2005,rude,B_01_026,71.0,#7ba3ed
2006,ruin,G_02_60,82.0,#f2e67d
2007,rule,F_02_91,167.0,#d186e0
2008,ruler,G_02_86,8.0,#a8ffe3
2009,run,B_03_015,,#1eb2ad
2010,run_2(fists),J_01_100,27.0,#9d7fd1
2011,RUN_FAUCET,K_03_096,,#1eb2ad
2012,run_out_of,G_01_77,68.0,#d65e74
2013,rush,E_03_54,15.0,#077741
2014,RUSSIA,D_02_091,11.0,#75e594
2015,sad,B_02_053,31.0,#edaaa1
2016,safe,G_01_85,27.0,#9d7fd1
2017,sail,D_01_074,15.0,#077741
2018,SAIL_2,K_01_048,,#1eb2ad
2019,sailboat,F_02_94,,#1eb2ad
2020,salad,A_02_061,12.0,#5a81ce
2021,salt,B_01_069,78.0,#680ab5
2022,salt_shaker,E_02_100,15.0,#077741
2023,same_1,B_02_009,8.0,#a8ffe3
2024,same_2,B_02_013,8.0,#a8ffe3
2025,same_same,J_02_081,8.0,#a8ffe3
2026,same_time,H_02_21,8.0,#a8ffe3
2027,sandals,A_02_004,36.0,#90ede3
2028,sandwich,A_01_015,,#1eb2ad
2029,SANDWICH_2,K_02_086,,#1eb2ad
2030,SANDWICH_3,K_03_072,,#1eb2ad
2031,SANDWICH_4,K_01_015,,#1eb2ad
2032,santa,F_03_19,,#1eb2ad
2033,sarcastic,E_01_5,,#1eb2ad
2034,saturday,D_01_028,27.0,#9d7fd1
2035,sauce,F_01_54,106.0,#33bf2b
2036,sausage,F_03_88,34.0,#1049ce
2037,save,G_03_61,,#1eb2ad
2038,save_money,G_02_74,177.0,#018417
2039,saw,D_03_060,27.0,#9d7fd1
2040,SAW_2,K_02_007,,#1eb2ad
2041,saxophone,G_03_15,0.0,#fff587
2042,scan,C_03_039,,#1eb2ad
2043,scar_memory,F_03_89,29.0,#68e8cc
2044,scarcely,B_02_014,,#1eb2ad
2045,scared,B_03_079,25.0,#edd37d
2046,scarf,A_03_013,,#1eb2ad
2047,SCARF_2,K_03_085,,#1eb2ad
2048,SCARF_3,K_01_086,,#1eb2ad
2049,SCARF_4,K_02_120,,#1eb2ad
2050,schedule,A_03_001,1.0,#9fa9f4
2051,school,C_03_089,2.0,#ba98f2
2052,science,A_02_011,9.0,#cce07b
2053,scientist,A_01_020,9.0,#cce07b
2054,scissors,A_01_038,17.0,#b2e285
2055,scold,H_01_8,8.0,#a8ffe3
2056,scoop,J_03_044,,#1eb2ad
2057,score,H_01_60,62.0,#4ed36d
2058,scout,H_02_99,11.0,#75e594
2059,scratch,H_02_84,,#1eb2ad
2060,scream,E_03_27,162.0,#9596d8
2061,screwdriver,D_02_023,137.0,#a97ee5
2062,SCREWDRIVER_2,K_03_041,,#1eb2ad
2063,SCREWDRIVER_3,K_01_014,,#1eb2ad
2064,script,H_03_81,170.0,#bee88b
2065,scroll_down,C_03_084,8.0,#a8ffe3
2066,scrub,E_02_86,37.0,#c1ff9b
2067,sculpt,J_01_028,155.0,#99f453
2068,sculpture,E_03_45,155.0,#99f453
2069,seal,G_01_57,2.0,#ba98f2
2070,secret,C_03_076,44.0,#809ee5
2071,secretary,A_03_059,64.0,#d69846
2072,see,C_02_030,118.0,#9700dd
2073,see_see,J_03_004,118.0,#9700dd
2074,seem,F_01_43,30.0,#eeffb2
2075,select,D_03_087,20.0,#25e866
2076,self,H_01_15,25.0,#edd37d
2077,sell,J_03_024,12.0,#5a81ce
2078,senate,G_03_99,,#1eb2ad
2079,send,E_02_9,34.0,#1049ce
2080,senior_citizen,H_03_97,,#1eb2ad
2081,sensitive,J_02_091,117.0,#91eae7
2082,sentence,H_01_25,20.0,#25e866
2083,sequence,E_02_8,2.0,#ba98f2
2084,serious,B_01_071,4.0,#f9c2c6
2085,serve,E_02_4,2.0,#ba98f2
2086,SERVE_2,K_02_061,,#1eb2ad
2087,set_up,B_03_021,,#1eb2ad
2088,seven,F_03_87,20.0,#25e866
2089,several,J_01_099,,#1eb2ad
2090,sew,B_02_073,70.0,#efaad0
2091,shake_1,G_01_62,91.0,#6bff83
2092,shake_2,F_03_48,27.0,#9d7fd1
2093,shakespeare,J_03_105,27.0,#9d7fd1
2094,shame,D_03_008,,#1eb2ad
2095,shame_on_you,H_01_66,82.0,#f2e67d
2096,shampoo,D_01_035,31.0,#edaaa1
2097,shape,F_01_5,9.0,#cce07b
2098,share,E_02_101,,#1eb2ad
2099,shark_1,E_03_23,14.0,#fc46d8
2100,shark_2,E_02_71,1.0,#9fa9f4
2101,sharp,G_01_55,,#1eb2ad
2102,sharp_2,H_01_105,136.0,#ebbdf9
2103,SHARPEN,H_03_60,186.0,#edc72f
2104,SHARPEN_2,K_03_097,,#1eb2ad
2105,SHARPEN_3,K_01_109,,#1eb2ad
2106,shave,B_03_017,7.0,#a33b11
2107,shave_2(s-hand),J_02_018,,#1eb2ad
2108,shave_3,H_03_18,11.0,#75e594
2109,SHAVE_4,K_02_043,,#1eb2ad
2110,SHAVE_5,K_03_114,,#1eb2ad
2111,sheep,A_02_010,,#1eb2ad
2112,shelf,E_02_60,2.0,#ba98f2
2113,shield,E_01_50,27.0,#9d7fd1
2114,shiny,D_01_091,136.0,#ebbdf9
2115,shirt,A_01_028,13.0,#d67039
2116,SHIRT_2,K_01_108,,#1eb2ad
2117,shocked,D_01_023,4.0,#f9c2c6
2118,shoes,A_02_057,27.0,#9d7fd1
2119,shoot,J_01_024,,#1eb2ad
2120,SHOOT_2,K_02_114,,#1eb2ad
2121,shooting,F_01_49,8.0,#a8ffe3
2122,shop_1,C_03_075,111.0,#6388cc
2123,shop_2,D_03_058,12.0,#5a81ce
2124,short_2,H_02_92,15.0,#077741
2125,short_distance,H_01_49,180.0,#a423d3
2126,short_word,J_02_087,15.0,#077741
2127,shorts,A_01_037,,#1eb2ad
2128,shot,E_01_13,139.0,#301789
2129,should,G_02_79,8.0,#a8ffe3
2130,shoulder,A_02_055,51.0,#f2d682
2131,SHOULDER_2,K_03_006,,#1eb2ad
2132,SHOULDER_3,K_01_078,,#1eb2ad
2133,shout,J_03_005,162.0,#9596d8
2134,SHOUT_2,K_02_084,,#1eb2ad
2135,shovel,A_01_088,27.0,#9d7fd1
2136,SHOVEL_2,K_03_008,,#1eb2ad
2137,show,C_01_050,71.0,#7ba3ed
2138,shower,A_02_001,35.0,#c2bbf9
2139,shrimp,A_01_065,8.0,#a8ffe3
2140,shut_out,G_03_26,12.0,#5a81ce
2141,shy,B_01_040,,#1eb2ad
2142,sick,B_01_072,,#1eb2ad
2143,side,J_03_055,25.0,#edd37d
2144,sideburns,F_01_87,,#1eb2ad
2145,sign,E_03_50,8.0,#a8ffe3
2146,sign_language,D_02_031,8.0,#a8ffe3
2147,sign_paper,H_03_94,137.0,#a97ee5
2148,signature,F_01_69,137.0,#a97ee5
2149,signing_fluently,F_03_69,27.0,#9d7fd1
2150,silly,B_01_090,29.0,#68e8cc
2151,silver,D_03_091,,#1eb2ad
2152,since,D_03_014,,#1eb2ad
2153,sing,D_03_075,33.0,#c4d2fc
2154,single,H_01_18,11.0,#75e594
2155,single_out,J_01_061,57.0,#2cb51c
2156,sink,E_02_42,38.0,#e1f9a2
2157,siren,G_03_65,8.0,#a8ffe3
2158,sister,D_03_050,,#1eb2ad
2159,sit,D_03_034,,#1eb2ad
2160,situation,H_03_66,,#1eb2ad
2161,six,G_03_34,20.0,#25e866
2162,skate,C_01_090,8.0,#a8ffe3
2163,skateboarding,C_02_052,,#1eb2ad
2164,SKATEBOARDING_2,K_01_079,,#1eb2ad
2165,SKATEBOARDING_3,K_02_110,,#1eb2ad
2166,ski,D_02_027,8.0,#a8ffe3
2167,SKI-CA,K_03_033,,#1eb2ad
2168,skill,G_02_38,,#1eb2ad
2169,skin,F_01_91,11.0,#75e594
2170,skirt,A_01_046,,#1eb2ad
2171,skunk,G_01_32,,#1eb2ad
2172,slave,E_03_94,27.0,#9d7fd1
2173,sled_1,F_01_10,1.0,#9fa9f4
2174,sled_2,G_02_27,8.0,#a8ffe3
2175,sleep,B_03_037,99.0,#4c3e9b
2176,slice,J_01_035,,#1eb2ad
2177,SLICE_2,K_01_028,,#1eb2ad
2178,SLICE_3,K_02_057,,#1eb2ad
2179,SLICE_4,K_03_067,,#1eb2ad
2180,slide,F_01_100,15.0,#077741
2181,SLIDE_2,K_01_058,,#1eb2ad
2182,slingshot,F_02_69,,#1eb2ad
2183,slip,J_02_030,1.0,#9fa9f4
2184,SLIP_2,K_02_033,,#1eb2ad
2185,slipper,E_01_62,,#1eb2ad
2186,slow,B_02_041,54.0,#a44ce8
2187,small,D_01_030,2.0,#ba98f2
2188,smart,D_02_075,,#1eb2ad
2189,smell,E_02_49,31.0,#edaaa1
2190,smell_money,F_03_26,31.0,#edaaa1
2191,smile,D_01_031,116.0,#4b04d1
2192,SMILE_2,K_03_023,,#1eb2ad
2193,smoke(fire),H_01_46,,#1eb2ad
2194,smoking,C_03_087,,#1eb2ad
2195,smooth,H_02_101,34.0,#1049ce
2196,snail,G_01_67,,#1eb2ad
2197,snake,A_01_043,,#1eb2ad
2198,snap,F_02_17,,#1eb2ad
2199,SNAP_STICK,K_01_080,,#1eb2ad
2200,sneak_adventure,F_01_57,113.0,#ad06e5
2201,sneeze,C_03_066,,#1eb2ad
2202,SNEEZE_2,K_02_023,,#1eb2ad
2203,snob,B_03_042,100.0,#2bcec3
2204,snorkel,E_01_102,11.0,#75e594
2205,snow,A_01_057,24.0,#af95e5
2206,SNOW_2,K_03_081,,#1eb2ad
2207,SNOWBOARD,K_01_025,,#1eb2ad
2208,snowman,G_03_73,164.0,#b01dc6
2209,snowsuit,E_03_5,164.0,#b01dc6
2210,so,G_01_69,,#1eb2ad
2211,soap,A_01_084,,#1eb2ad
2212,soap_2,E_03_78,,#1eb2ad
2213,soccer,A_03_004,,#1eb2ad
2214,soccer_2,F_03_32,,#1eb2ad
2215,social,H_03_30,2.0,#ba98f2
2216,socialize,H_01_21,2.0,#ba98f2
2217,society,H_01_2,27.0,#9d7fd1
2218,socks,A_03_033,8.0,#a8ffe3
2219,soda,C_03_030,,#1eb2ad
2220,sofa,G_03_6,3.0,#75e57c
2221,soft,E_03_13,160.0,#60f2a7
2222,softball,G_01_30,2.0,#ba98f2
2223,some,B_01_020,1.0,#9fa9f4
2224,somersault,J_02_012,8.0,#a8ffe3
2225,SOMERSAULT_2,K_02_118,,#1eb2ad
2226,SOMERSAULT_3,K_03_064,,#1eb2ad
2227,something,G_01_9,8.0,#a8ffe3
2228,sometimes,E_02_38,71.0,#7ba3ed
2229,son,B_02_086,14.0,#fc46d8
2230,soon,G_01_4,11.0,#75e594
2231,soon_2(h),J_02_098,11.0,#75e594
2232,soon_3,H_03_23,11.0,#75e594
2233,sophisticated,G_02_83,100.0,#2bcec3
2234,sophomore,J_01_107,,#1eb2ad
2235,sorry,C_01_020,47.0,#012b5b
2236,sound,H_02_96,4.0,#f9c2c6
2237,soup,A_01_039,18.0,#ce7e42
2238,sour,F_03_60,4.0,#f9c2c6
2239,south,C_02_029,27.0,#9d7fd1
2240,sow,H_01_75,34.0,#1049ce
2241,space,H_03_93,183.0,#f48bd3
2242,spaceship,J_03_074,15.0,#077741
2243,spaghetti,A_01_042,8.0,#a8ffe3
2244,spain,G_01_94,,#1eb2ad
2245,speakers,B_01_076,34.0,#1049ce
2246,special_1,H_01_68,,#1eb2ad
2247,special_2(f),J_02_020,,#1eb2ad
2248,specialist,H_01_38,82.0,#f2e67d
2249,specific,E_02_91,,#1eb2ad
2250,spend,E_01_17,,#1eb2ad
2251,spend_lots_of_money,E_02_83,,#1eb2ad
2252,spicy,J_03_036,166.0,#eab58f
2253,spider,D_03_067,2.0,#ba98f2
2254,spill,G_01_37,34.0,#1049ce
2255,SPILL_2,K_01_064,,#1eb2ad
2256,spin(weave),J_02_085,8.0,#a8ffe3
2257,spit_out,F_02_30,,#1eb2ad
2258,SPLASH-CA,K_02_037,,#1eb2ad
2259,spontaneous,E_02_24,,#1eb2ad
2260,spoon,A_02_037,,#1eb2ad
2261,sports,C_03_035,9.0,#cce07b
2262,spot_something,G_01_2,4.0,#f9c2c6
2263,spread,G_03_12,34.0,#1049ce
2264,SPREAD_2,K_03_080,,#1eb2ad
2265,SPREAD_3,K_01_083,,#1eb2ad
2266,spring,E_03_74,85.0,#f427bd
2267,square,J_01_060,8.0,#a8ffe3
2268,square_idiot,J_01_062,45.0,#03bc16
2269,squeeze,H_03_19,34.0,#1049ce
2270,squirrel,C_03_020,125.0,#6637b7
2271,sshh,E_02_16,4.0,#f9c2c6
2272,stack,J_01_096,88.0,#22a1ad
2273,STACK_2,K_02_102,,#1eb2ad
2274,STACK_3,K_03_069,,#1eb2ad
2275,STACK_4,K_01_019,,#1eb2ad
2276,stadium,G_01_86,2.0,#ba98f2
2277,staff,C_01_071,,#1eb2ad
2278,stairs,A_03_048,15.0,#077741
2279,stamp,C_03_063,,#1eb2ad
2280,stamp_1,G_02_98,155.0,#99f453
2281,stamp_2,F_03_93,170.0,#bee88b
2282,stand,E_02_11,38.0,#e1f9a2
2283,STAND_2,K_02_081,,#1eb2ad
2284,stand_up,J_03_070,38.0,#e1f9a2
2285,stapler,G_02_5,9.0,#cce07b
2286,star,A_03_087,8.0,#a8ffe3
2287,starbucks,B_03_010,34.0,#1049ce
2288,stare,G_01_34,73.0,#0286d3
2289,stars,A_01_047,8.0,#a8ffe3
2290,start,B_01_011,,#1eb2ad
2291,state,F_01_86,170.0,#bee88b
2292,stay,F_02_50,8.0,#a8ffe3
2293,stay_awake_24hrs,J_02_060,14.0,#fc46d8
2294,steak,D_02_041,140.0,#cefc79
2295,steal,C_02_019,80.0,#9727e8
2296,steam,J_01_011,32.0,#eacf75
2297,step,E_01_70,,#1eb2ad
2298,stethoscope,D_03_028,124.0,#6cff3f
2299,STETHOSCOPE_2,K_03_086,,#1eb2ad
2300,STETHOSCOPE_3,K_01_075,,#1eb2ad
2301,STETHOSCOPE_4,K_02_031,,#1eb2ad
2302,sticky,F_02_89,20.0,#25e866
2303,still,G_02_85,8.0,#a8ffe3
2304,stimulate,H_02_35,,#1eb2ad
2305,sting,H_03_22,,#1eb2ad
2306,stink,H_01_64,11.0,#75e594
2307,stir,D_03_055,,#1eb2ad
2308,stockings,E_01_61,,#1eb2ad
2309,stomach,C_03_054,51.0,#f2d682
2310,stop,D_01_010,1.0,#9fa9f4
2311,stopwatch,F_01_67,9.0,#cce07b
2312,story,E_01_15,20.0,#25e866
2313,story_2(b),J_01_007,2.0,#ba98f2
2314,story_3,H_03_7,20.0,#25e866
2315,straight,E_01_81,14.0,#fc46d8
2316,STRAIN_1,K_03_045,,#1eb2ad
2317,STRAIN_2,K_01_076,,#1eb2ad
2318,strange,C_03_018,31.0,#edaaa1
2319,strangle,J_01_093,2.0,#ba98f2
2320,straw,G_01_92,,#1eb2ad
2321,strawberry,A_01_068,11.0,#75e594
2322,STRAWBERRY_2,K_02_017,,#1eb2ad
2323,STRAWBERRY_3,K_03_100,,#1eb2ad
2324,STRAWBERRY_4,K_01_009,,#1eb2ad
2325,street,A_01_062,2.0,#ba98f2
2326,stress,B_02_075,91.0,#6bff83
2327,STRETCH,K_03_126,,#1eb2ad
2328,STRETCH,K_02_108,,#1eb2ad
2329,STRETCH-CA,K_03_078,,#1eb2ad
2330,strict,C_01_047,48.0,#85e25d
2331,string,F_03_54,8.0,#a8ffe3
2332,stripe,H_01_85,,#1eb2ad
2333,strong,G_03_27,115.0,#c9cbff
2334,structure,H_01_35,27.0,#9d7fd1
2335,struggle,H_03_102,8.0,#a8ffe3
2336,stubborn,B_03_086,14.0,#fc46d8
2337,stuck,E_01_19,,#1eb2ad
2338,student,A_02_012,39.0,#0e54af
2339,study,G_01_90,,#1eb2ad
2340,stumble,J_02_079,2.0,#ba98f2
2341,stupid_1,C_01_058,14.0,#fc46d8
2342,stupid_2,C_02_047,,#1eb2ad
2343,submit,H_02_55,27.0,#9d7fd1
2344,subtract,B_02_027,,#1eb2ad
2345,suck,F_01_12,29.0,#68e8cc
2346,SUCK_THUMB,K_01_006,,#1eb2ad
2347,suit,G_01_103,,#1eb2ad
2348,summarize,D_03_041,34.0,#1049ce
2349,summer,B_02_037,84.0,#43e8e5
2350,SUMMON,K_02_075,,#1eb2ad
2351,sun,C_02_003,,#1eb2ad
2352,sunbathe,H_02_13,31.0,#edaaa1
2353,SUNBATHE_2,K_03_034,,#1eb2ad
2354,sunday_2(8),J_02_001,,#1eb2ad
2355,sunrise,H_03_89,20.0,#25e866
2356,sunset,B_02_087,15.0,#077741
2357,superior,J_02_065,141.0,#edd7a3
2358,supervise,J_01_018,76.0,#474ed3
2359,supervisor,J_02_010,76.0,#474ed3
2360,support_1,G_01_52,,#1eb2ad
2361,support_2,F_03_66,27.0,#9d7fd1
2362,sure,C_03_044,11.0,#75e594
2363,surf,A_01_048,,#1eb2ad
2364,surgeon,A_02_007,37.0,#c1ff9b
2365,surgery,H_03_46,37.0,#c1ff9b
2366,surprise,B_01_013,69.0,#f22b9f
2367,sushi,D_03_092,38.0,#e1f9a2
2368,suspect,C_03_012,4.0,#f9c2c6
2369,suspend,H_01_16,8.0,#a8ffe3
2370,suspenders_1,E_03_77,,#1eb2ad
2371,suspenders_2,E_01_28,,#1eb2ad
2372,swallow,B_02_019,,#1eb2ad
2373,swear_in,J_02_016,2.0,#ba98f2
2374,sweat,H_02_51,,#1eb2ad
2375,sweater,D_02_092,,#1eb2ad
2376,SWEATER_2,K_01_008,,#1eb2ad
2377,SWEATER_3,K_02_090,,#1eb2ad
2378,sweatpants,F_02_42,148.0,#55d684
2379,sweatshirt,E_01_18,148.0,#55d684
2380,sweep,D_01_086,1.0,#9fa9f4
2381,sweet,J_03_029,104.0,#8ebbe2
2382,sweetheart,H_02_5,47.0,#012b5b
2383,swim,E_03_53,2.0,#ba98f2
2384,SWIM_2,K_03_106,,#1eb2ad
2385,swing,A_02_018,12.0,#5a81ce
2386,swing_2,F_02_85,3.0,#75e57c
2387,switzerland,F_01_9,105.0,#c9c7fc
2388,sword,E_03_101,20.0,#25e866
2389,sympathy,D_01_090,21.0,#5f4dbc
2390,system,H_01_61,27.0,#9d7fd1
2391,table,A_03_025,60.0,#b2ffc5
2392,TABLET,K_02_126,,#1eb2ad
2393,tail,D_01_083,,#1eb2ad
2394,TAIL_2,K_01_089,,#1eb2ad
2395,take,G_01_93,34.0,#1049ce
2396,take_care,F_03_71,76.0,#474ed3
2397,take_notes,F_03_94,,#1eb2ad
2398,take_off,H_03_50,1.0,#9fa9f4
2399,take_off,F_01_20,,#1eb2ad
2400,take_pill,F_01_45,29.0,#68e8cc
2401,talk,C_01_008,14.0,#fc46d8
2402,talk_2,H_01_23,94.0,#fc99bf
2403,talk_dirty,H_02_46,5.0,#f2dd8a
2404,tall_1,B_03_024,71.0,#7ba3ed
2405,tall_2,B_01_030,15.0,#077741
2406,tan,F_02_72,11.0,#75e594
2407,tanktop_1,E_01_9,,#1eb2ad
2408,tape,G_01_17,1.0,#9fa9f4
2409,taste,J_01_081,11.0,#75e594
2410,tea,A_02_052,,#1eb2ad
2411,teach,D_02_052,,#1eb2ad
2412,TEACH_2,K_02_055,,#1eb2ad
2413,teacher,A_02_033,46.0,#c6cfff
2414,team,E_01_71,20.0,#25e866
2415,tear,C_02_016,97.0,#4411b2
2416,tear_rip,G_03_9,20.0,#25e866
2417,TEAR_RIP_2,K_03_050,,#1eb2ad
2418,tease,D_02_090,82.0,#f2e67d
2419,technology,E_03_17,,#1eb2ad
2420,teenager,H_02_39,11.0,#75e594
2421,teeth,D_01_040,29.0,#68e8cc
2422,telephone,A_02_040,11.0,#75e594
2423,tell,C_02_013,11.0,#75e594
2424,temper_blow_up,F_02_97,4.0,#f9c2c6
2425,temporary,G_03_67,1.0,#9fa9f4
2426,temptation,C_01_082,92.0,#f961a3
2427,tend_your,G_03_32,19.0,#0c48cc
2428,tendency,G_03_89,154.0,#93e276
2429,tennis,A_01_053,20.0,#25e866
2430,tent,E_02_12,,#1eb2ad
2431,test,D_01_060,8.0,#a8ffe3
2432,text,B_03_054,9.0,#cce07b
2433,than,F_02_2,1.0,#9fa9f4
2434,thank_you,H_02_53,,#1eb2ad
2435,thanksgiving,D_01_047,,#1eb2ad
2436,that,C_03_059,8.0,#a8ffe3
2437,theater,D_01_052,47.0,#012b5b
2438,then,F_01_31,,#1eb2ad
2439,theory_1(t),J_03_042,176.0,#96ff2d
2440,theory_2,J_02_031,,#1eb2ad
2441,therapy,H_03_88,62.0,#4ed36d
2442,there,D_02_060,8.0,#a8ffe3
2443,thermometer,D_02_012,82.0,#f2e67d
2444,these,G_03_95,8.0,#a8ffe3
2445,they,E_01_44,8.0,#a8ffe3
2446,thief_1,B_03_019,,#1eb2ad
2447,thief_2,B_01_087,80.0,#9727e8
2448,thin,C_02_002,8.0,#a8ffe3
2449,things,B_03_043,15.0,#077741
2450,think,C_03_053,11.0,#75e594
2451,THINK_CHIN,K_03_120,,#1eb2ad
2452,think_connect,F_02_87,4.0,#f9c2c6
2453,think_expand,G_02_15,4.0,#f9c2c6
2454,think_obsess,G_03_79,4.0,#f9c2c6
2455,think_over,D_02_054,4.0,#f9c2c6
2456,think_penetrate,G_01_39,4.0,#f9c2c6
2457,think_penetrate,J_01_090,4.0,#f9c2c6
2458,THINK_PONDER.m4v,K_01_120,,#1eb2ad
2459,think_smart,G_01_45,4.0,#f9c2c6
2460,third_1,F_02_88,0.0,#fff587
2461,third_2,J_02_072,12.0,#5a81ce
2462,thirsty,C_03_071,127.0,#78e7ed
2463,this/it,F_01_35,8.0,#a8ffe3
2464,those,F_02_103,8.0,#a8ffe3
2465,thought_disappear,G_01_51,4.0,#f9c2c6
2466,three,B_01_044,15.0,#077741
2467,thrilled,G_02_70,,#1eb2ad
2468,throw,C_03_081,,#1eb2ad
2469,THROW_2,K_01_068,,#1eb2ad
2470,throw_away,E_02_70,27.0,#9d7fd1
2471,thunder,F_03_15,82.0,#f2e67d
2472,thursday,B_02_045,50.0,#281c96
2473,ticket,E_02_29,38.0,#e1f9a2
2474,tickle,H_01_73,0.0,#fff587
2475,tie,A_01_013,6.0,#9e48db
2476,TIE_2,K_02_029,,#1eb2ad
2477,TIE_UP_1,K_03_035,,#1eb2ad
2478,TIE_UP_2,K_01_043,,#1eb2ad
2479,tiger,A_01_050,,#1eb2ad
2480,time,B_02_080,92.0,#f961a3
2481,time_progress,H_02_61,1.0,#9fa9f4
2482,time_to_time,J_01_020,15.0,#077741
2483,TIMEOUT,K_02_063,,#1eb2ad
2484,tiny,K_03_019,,#1eb2ad
2485,tiny,J_03_006,8.0,#a8ffe3
2486,tired,D_02_050,,#1eb2ad
2487,tired_of,G_01_43,,#1eb2ad
2488,tissue,G_02_32,29.0,#68e8cc
2489,to,E_03_86,82.0,#f2e67d
2490,to_a_goal,F_01_26,4.0,#f9c2c6
2491,toast,D_02_080,,#1eb2ad
2492,tobacco,A_02_049,,#1eb2ad
2493,today,E_02_6,8.0,#a8ffe3
2494,together,G_01_97,,#1eb2ad
2495,toilet,A_02_038,20.0,#25e866
2496,tomato,D_02_087,4.0,#f9c2c6
2497,tomorrow,F_02_40,129.0,#b972db
2498,tongue,G_03_57,163.0,#e57e77
2499,too_much,E_02_15,12.0,#5a81ce
2500,toothbrush,D_03_073,29.0,#68e8cc
2501,TOOTHBRUSH-CA,K_03_058,,#1eb2ad
2502,top,H_01_65,1.0,#9fa9f4
2503,topic,H_01_103,3.0,#75e57c
2504,tornado,A_02_047,,#1eb2ad
2505,toss,J_03_009,27.0,#9d7fd1
2506,toss_out,H_02_37,27.0,#9d7fd1
2507,total,H_01_71,34.0,#1049ce
2508,touch,G_03_63,,#1eb2ad
2509,tough,H_03_10,,#1eb2ad
2510,tournament,B_03_031,3.0,#75e57c
2511,tow,H_01_86,,#1eb2ad
2512,TOW_2,K_01_098,,#1eb2ad
2513,TOW_3,K_02_010,,#1eb2ad
2514,towel,F_01_7,115.0,#c9cbff
2515,toy,E_01_64,45.0,#03bc16
2516,toy_2,J_01_056,11.0,#75e594
2517,TOY_3,H_03_070,,#1eb2ad
2518,tractor,H_01_42,20.0,#25e866
2519,tradition,J_03_023,20.0,#25e866
2520,traffic,B_01_043,2.0,#ba98f2
2521,train,B_03_003,,#1eb2ad
2522,train_2(practice),J_01_032,157.0,#6dcece
2523,transfer,J_03_028,12.0,#5a81ce
2524,transgender,J_01_082,,#1eb2ad
2525,translate,D_01_080,134.0,#5977ff
2526,trash,A_01_035,,#1eb2ad
2527,travel,B_02_089,15.0,#077741
2528,tree,A_01_002,0.0,#fff587
2529,triangle,J_02_080,8.0,#a8ffe3
2530,TRIM_1,K_03_111,,#1eb2ad
2531,TRIM_2,K_01_062,,#1eb2ad
2532,TRIP_1,K_02_020,,#1eb2ad
2533,TRIP_2,K_03_102,,#1eb2ad
2534,triple,J_02_077,,#1eb2ad
2535,trophy,D_02_086,8.0,#a8ffe3
2536,trouble,B_03_048,101.0,#793dba
2537,truck,G_03_7,20.0,#25e866
2538,truck_2(c),J_02_070,2.0,#ba98f2
2539,TRUE,D_03_038,11.0,#75e594
2540,true_business,E_03_68,4.0,#f9c2c6
2541,truth,E_03_15,,#1eb2ad
2542,TRY,B_02_034,27.0,#9d7fd1
2543,tty,G_01_35,20.0,#25e866
2544,tube,G_03_42,20.0,#25e866
2545,tube_top,E_01_67,,#1eb2ad
2546,tuesday,J_03_087,20.0,#25e866
2547,turban,F_03_90,,#1eb2ad
2548,TURKEY,A_02_078,,#1eb2ad
2549,TURKEY_2,K_01_036,,#1eb2ad
2550,"turn(take_turn,alternate)",J_01_065,45.0,#03bc16
2551,turn_around,J_02_086,8.0,#a8ffe3
2552,turn_key,E_01_56,,#1eb2ad
2553,TURTLE,A_02_009,,#1eb2ad
2554,TV,C_02_038,50.0,#281c96
2555,twin,F_01_32,,#1eb2ad
2556,twins_2(t),J_02_089,,#1eb2ad
2557,twirl,J_01_102,8.0,#a8ffe3
2558,TWO,C_02_005,15.0,#077741
2559,two_more,G_01_21,,#1eb2ad
2560,two_of_us,H_02_90,76.0,#474ed3
2561,two_weeks,J_03_066,38.0,#e1f9a2
2562,TYPE,B_01_056,76.0,#474ed3
2563,type_keyboard,F_03_59,2.0,#ba98f2
2564,udder,F_02_84,34.0,#1049ce
2565,UGLY,C_01_019,11.0,#75e594
2566,UMBRELLA,A_02_022,42.0,#c44265
2567,unaware,H_03_82,29.0,#68e8cc
2568,uncertain(ambivalent),H_02_20,9.0,#cce07b
2569,UNCLE,D_02_011,,#1eb2ad
2570,under,E_02_87,106.0,#33bf2b
2571,undergraduate,J_03_079,,#1eb2ad
2572,UNDERSTAND,C_01_006,75.0,#02325b
2573,UNDERWEAR,A_03_023,,#1eb2ad
2574,UNDERWEAR_2,K_02_112,,#1eb2ad
2575,unicorn,F_02_31,,#1eb2ad
2576,union_station,J_02_003,,#1eb2ad
2577,unique,F_01_15,,#1eb2ad
2578,UNIVERSE,K_01_127,,#1eb2ad
2579,UNIVERSITY,C_02_063,18.0,#ce7e42
2580,until,H_02_18,8.0,#a8ffe3
2581,up,E_01_69,8.0,#a8ffe3
2582,UPLOAD,C_01_028,3.0,#75e57c
2583,upset,F_01_75,,#1eb2ad
2584,upset_2,H_03_47,,#1eb2ad
2585,us,H_03_55,6.0,#9e48db
2586,USE,D_03_043,1.0,#9fa9f4
2587,VACATION,B_03_016,,#1eb2ad
2588,VACUUM,D_03_084,20.0,#25e866
2589,vagina,F_02_65,8.0,#a8ffe3
2590,vain,G_02_17,,#1eb2ad
2591,validate,H_03_51,152.0,#ee9eff
2592,valley,G_02_90,2.0,#ba98f2
2593,value,H_03_85,3.0,#75e57c
2594,VAMPIRE,K_03_123,,#1eb2ad
2595,vanilla(adddisambig.mouthing),F_01_22,15.0,#077741
2596,vanish,H_02_98,181.0,#dd4fa5
2597,vase,E_02_28,20.0,#25e866
2598,VEGETABLE,C_01_018,,#1eb2ad
2599,VERB,A_03_005,,#1eb2ad
2600,very,G_02_101,3.0,#75e57c
2601,very_interested,G_02_39,31.0,#edaaa1
2602,vest,J_03_050,105.0,#c9c7fc
2603,vibrate,J_02_035,2.0,#ba98f2
2604,VIDEOCAMERA,B_03_006,72.0,#836ac4
2605,videocamera_2,K_03_011,,#1eb2ad
2606,videocamera_2(eye),J_01_104,118.0,#9700dd
2607,videogame,H_01_91,9.0,#cce07b
2608,VIDEOPHONE,B_01_039,2.0,#ba98f2
2609,view,E_02_61,,#1eb2ad
2610,VILLAGE,K_01_121,,#1eb2ad
2611,VIOLIN,A_03_083,,#1eb2ad
2612,vision,J_01_025,188.0,#c99212
2613,visit,H_03_80,76.0,#474ed3
2614,visitor,J_01_097,188.0,#c99212
2615,visualize,H_01_27,53.0,#ffa393
2616,vitamins(withdisambig.mouthing),E_01_43,15.0,#077741
2617,vlog,J_03_027,20.0,#25e866
2618,vocabulary,H_01_82,,#1eb2ad
2619,VOICE,C_03_061,,#1eb2ad
2620,VOLLEYBALL,A_02_006,20.0,#25e866
2621,volunteer,H_02_62,185.0,#f9a59d
2622,VOMIT,D_02_072,,#1eb2ad
2623,VOTE,B_02_040,,#1eb2ad
2624,W.H.A.T,G_02_89,,#1eb2ad
2625,wade,H_01_36,15.0,#077741
2626,WADE_2,K_03_024,,#1eb2ad
2627,WAIT,B_02_016,0.0,#fff587
2628,WAITER,A_01_061,2.0,#ba98f2
2629,WALK,D_02_057,2.0,#ba98f2
2630,WALK-TIGHTROPE-CL,K_01_024,,#1eb2ad
2631,walk_2,J_03_067,15.0,#077741
2632,walk_backwards,G_01_102,8.0,#a8ffe3
2633,wall,E_01_89,2.0,#ba98f2
2634,wallet,F_01_81,2.0,#ba98f2
2635,wallet_2,J_03_047,2.0,#ba98f2
2636,walrus,E_02_78,156.0,#8ac6d8
2637,wand,E_03_16,20.0,#25e866
2638,WANDER,A_01_019,8.0,#a8ffe3
2639,WANT,C_03_013,2.0,#ba98f2
2640,want_2,E_01_25,2.0,#ba98f2
2641,WAR,B_03_075,2.0,#ba98f2
2642,WARM,B_02_047,,#1eb2ad
2643,WARN,B_01_033,1.0,#9fa9f4
2644,wash,E_01_33,9.0,#cce07b
2645,WASH_3,K_02_024,,#1eb2ad
2646,wash_dishes,F_01_70,37.0,#c1ff9b
2647,wash_face,G_01_11,,#1eb2ad
2648,wash_face_2(b),J_01_078,,#1eb2ad
2649,wash_hands,F_01_56,,#1eb2ad
2650,WASH_MACHINE,C_02_057,0.0,#fff587
2651,WASTE,C_01_030,,#1eb2ad
2652,watch,G_02_78,29.0,#68e8cc
2653,WATER,A_02_031,11.0,#75e594
2654,water_ski,F_03_22,11.0,#75e594
2655,waterdrop,H_01_19,150.0,#e540c7
2656,WAVE,A_03_079,2.0,#ba98f2
2657,WAY,C_02_073,2.0,#ba98f2
2658,we,G_03_19,,#1eb2ad
2659,we_will_see,F_03_27,118.0,#9700dd
2660,WEAK,C_02_065,,#1eb2ad
2661,WEAR,B_02_032,63.0,#ade861
2662,WEATHER,C_03_072,,#1eb2ad
2663,weave,H_02_81,2.0,#ba98f2
2664,WEDDING,D_03_015,143.0,#9d86e0
2665,WEDNESDAY,B_03_056,20.0,#25e866
2666,WEEK,B_02_079,71.0,#7ba3ed
2667,weekend_2,H_01_9,,#1eb2ad
2668,WEIGH,D_03_077,,#1eb2ad
2669,weight,E_02_37,1.0,#9fa9f4
2670,weird,H_02_11,,#1eb2ad
2671,welcome,J_02_054,,#1eb2ad
2672,WELL,D_01_009,2.0,#ba98f2
2673,WEST,D_03_053,20.0,#25e866
2674,WET,B_02_065,34.0,#1049ce
2675,whale,G_03_13,,#1eb2ad
2676,WHAT_1,D_02_084,2.0,#ba98f2
2677,WHAT_2,D_02_094,71.0,#7ba3ed
2678,WHAT_FOR,C_02_054,11.0,#75e594
2679,WHATEVER,B_02_025,2.0,#ba98f2
2680,wheel,H_03_69,8.0,#a8ffe3
2681,wheelbarrow_1,F_03_70,20.0,#25e866
2682,wheelchair,G_01_46,8.0,#a8ffe3
2683,WHEN,C_03_086,90.0,#d657bc
2684,WHERE,B_02_035,8.0,#a8ffe3
2685,WHICH,B_01_088,9.0,#cce07b
2686,while,H_02_32,8.0,#a8ffe3
2687,WHIP,A_03_077,20.0,#25e866
2688,whisper,H_03_75,,#1eb2ad
2689,WHISTLE,A_02_046,48.0,#85e25d
2690,WHISTLE_3,K_03_055,,#1eb2ad
2691,white,E_03_46,24.0,#af95e5
2692,white_person,J_02_043,24.0,#af95e5
2693,WHO,C_01_041,28.0,#f7b2d3
2694,whole,J_02_049,12.0,#5a81ce
2695,WHY,D_01_067,,#1eb2ad
2696,why_not,H_02_34,184.0,#fff56b
2697,wide,J_02_052,2.0,#ba98f2
2698,WIFE,D_03_025,14.0,#fc46d8
2699,will,F_03_25,31.0,#edaaa1
2700,will_go,J_01_095,31.0,#edaaa1
2701,WIN,B_02_029,,#1eb2ad
2702,wind,H_02_68,2.0,#ba98f2
2703,WINDMILL,A_02_048,49.0,#bdf99d
2704,WINDMILL_2,K_01_118,,#1eb2ad
2705,WINDMILL_3,K_02_051,,#1eb2ad
2706,WINDOW,A_03_042,1.0,#9fa9f4
2707,window_open,E_02_75,1.0,#9fa9f4
2708,windy,G_02_80,2.0,#ba98f2
2709,WINE,D_01_015,,#1eb2ad
2710,WINK,D_03_094,29.0,#68e8cc
2711,winter,E_03_22,27.0,#9d7fd1
2712,wise,G_02_23,29.0,#68e8cc
2713,WISH,C_01_053,105.0,#c9c7fc
2714,WITCH,A_03_018,,#1eb2ad
2715,WITCH_2,K_03_022,,#1eb2ad
2716,WITH,C_02_074,2.0,#ba98f2
2717,without,H_03_21,9.0,#cce07b
2718,WOLF,A_01_049,,#1eb2ad
2719,WOMAN,C_02_028,14.0,#fc46d8
2720,WOMAN_2,K_01_101,,#1eb2ad
2721,woman_2(nose)lady,H_02_19,11.0,#75e594
2722,WONDER,B_02_076,29.0,#68e8cc
2723,wood,C_03_031,1.0,#9fa9f4
2724,word,E_03_75,,#1eb2ad
2725,work,B_03_059,,#1eb2ad
2726,work_out,E_02_92,27.0,#9d7fd1
2727,workshop,J_02_055,,#1eb2ad
2728,world,B_03_023,,#1eb2ad
2729,WORM,B_03_014,71.0,#7ba3ed
2730,WORRY,C_02_015,101.0,#793dba
2731,worse,H_01_11,3.0,#75e57c
2732,wow,F_01_2,50.0,#281c96
2733,wrap,E_02_50,,#1eb2ad
2734,wrap_up,F_03_91,20.0,#25e866
2735,WRAP_UP_2,K_02_062,,#1eb2ad
2736,wrestle,J_01_033,12.0,#5a81ce
2737,wring,H_01_29,34.0,#1049ce
2738,WRISTWATCH,B_01_063,59.0,#8c0426
2739,WRISTWATCH_2,K_03_044,,#1eb2ad
2740,WRISTWATCH_3,K_01_054,,#1eb2ad
2741,WRITE,D_01_051,62.0,#4ed36d
2742,write_on_wall,G_02_87,20.0,#25e866
2743,WRONG_1,B_01_055,11.0,#75e594
2744,WRONG_2,C_03_050,11.0,#75e594
2745,yawn,F_02_79,14.0,#fc46d8
2746,YAWN_2,K_02_048,,#1eb2ad
2747,YAWN_3,K_03_009,,#1eb2ad
2748,YAWN_4,K_01_110,,#1eb2ad
2749,yay,J_01_030,30.0,#eeffb2
2750,YEAH,D_01_058,8.0,#a8ffe3
2751,YEAR,B_02_015,27.0,#9d7fd1
2752,YELLOW,D_01_020,45.0,#03bc16
2753,Yes,G_03_74,27.0,#9d7fd1
2754,YESTERDAY,D_01_024,131.0,#e6f29b
2755,you,D_02_065,8.0,#a8ffe3
2756,YOUNG,D_03_013,142.0,#141677
2757,youngster,J_03_041,,#1eb2ad
2758,your,F_01_52,15.0,#077741
2759,yourself,E_02_81,67.0,#22117f
2760,yoyo,H_03_16,32.0,#eacf75
2761,yucky_1,E_01_11,20.0,#25e866
2762,zebra,G_02_3,,#1eb2ad
2763,ZERO,D_03_036,15.0,#077741
2764,ZIPPER,D_01_034,,#1eb2ad
2765,zoo,E_03_42,8.0,#a8ffe3
2766,ZOOM_IN,B_02_056,20.0,#25e866
2767,ZOOM_OFF,D_01_057,,#1eb2ad
