Code,EntryID,SignFrequency(M),Iconicity(M),LexicalClass,SignType
J_01_098,&=arms-cross,3.467,6.520,0,0
J_02_076,&=clap,3.867,6.667,0,0
H_02_48,&=raise-hand,2.280,0,0,0
H_03_86,&=sigh,5.154,6.375,0,0
C_02_025,1_dollar,3.034,1.074,6,3
B_01_062,5_dollars,5.120,5.481,6,2
C_02_055,8_hour,4.267,2.654,1,3
C_02_080,9_oclock,4.133,2.741,1,2
K_03_127,A-LINE_BOB,0,0,0,5
H_03_25,a_little_bit,2.963,2.833,3,2
G_01_40,abbreviate(short),5.444,1.889,7,1
B_02_072,about_1,5.480,2.067,5,1
B_02_003,about_2,3.522,2.133,5,3
J_01_027,absolutely_nothing,2.957,1.600,0,2
E_01_73,accent,3.094,1.917,6,2
H_02_42,accept,5.500,2.739,7,5
H_02_86,access,5.036,2.565,6,3
B_02_059,accident,4.120,3.300,7,5
C_02_085,accomplish,4.467,1.963,7,5
F_02_48,accordion,1.737,6.065,6,5
A_03_044,accountant,3.240,2.476,6,3
H_01_34,acquire,5.250,2.296,7,5
B_02_038,act,4.280,1.600,7,5
C_01_026,action,4.533,2.200,6,5
A_03_047,actor,4.440,1.524,6,5
E_02_30,add,5.188,2.900,7,1
H_02_73,addict,4.250,2.391,2,2
D_01_016,address,4.889,1.486,6,5
J_03_049,admire,4.483,1.636,0,5
J_02_062,admit,4.633,3.792,0,2
J_03_014,adopt,4.414,1.455,0,5
C_03_008,adult,4.600,2.229,6,5
H_03_59,advantage,4.714,1.375,7,3
J_03_015,advertise,4.207,1.955,0,1
A_02_082,africa,3.667,2.100,6,2
B_02_030,after,3.880,3.200,5,1
J_01_040,afternoon,5.800,1.560,0,2
J_02_013,again,6.067,2.000,0,1
H_03_3,against,4.429,3.750,7,1
B_02_071,age,5.400,1.700,6,2
H_01_44,agency,4.000,2.036,6,5
C_02_078,agreement,5.033,3.148,6,2
D_03_068,airplane,4.808,1.773,6,2
C_01_085,alarm,4.400,1.667,6,3
H_02_87,alaska,2.556,1.174,4,2
E_03_12,alcohol,5.333,1.531,6,1
H_02_22,align,4.750,1.913,7,5
C_03_088,all,5.300,2.800,5,1
H_02_93,all_day,5.464,3.304,3,2
J_03_021,all_gone,4.690,2.682,0,2
H_01_96,all_of_sudden,4.370,4.800,3,2
J_02_064,all_over,4.433,4.583,0,2
H_03_78,all_over_body,3.407,6.208,3,5
J_01_044,all_together,4.567,4.000,0,5
H_01_84,all_way,4.083,3.792,3,2
G_03_72,allergy,2.067,1.550,6,5
D_02_024,alone,3.963,2.161,2,2
H_01_1,alone_2,4.429,3.560,3,2
B_02_024,alphabet,3.880,2.633,6,2
J_03_025,alright,5.310,1.909,0,1
J_03_076,always,6.103,3.227,0,2
D_02_093,amazing,4.778,3.097,2,2
C_02_006,america,4.500,1.593,4,5
G_02_75,analyze,5.259,2.129,7,5
B_03_072,and,5.208,1.567,5,2
A_03_085,angel,3.167,4.667,6,5
B_01_070,angry,4.960,2.741,2,5
B_03_002,animal,5.400,1.600,6,5
C_01_086,announce,4.600,4.200,7,5
E_03_65,answer,5.067,2.700,7,5
F_01_27,antlers,3.538,6.030,6,5
G_01_16,any,5.259,1.867,5,2
H_01_59,anyone,4.214,2.037,5,2
E_02_33,apart,4.719,5.067,2,5
C_03_064,appear,4.900,2.361,7,3
A_03_054,apple,5.720,1.619,6,2
C_01_088,appointment,5.033,1.767,6,1
H_02_70,april,3.786,1.261,4,2
G_03_60,archeology,2.333,2.476,6,3
H_02_15,area,5.071,2.783,6,3
F_03_72,argue,5.222,3.469,7,5
J_03_022,arizona,3.552,1.136,0,2
C_03_043,arm,2.900,6.514,6,2
K_01_095,ARM_2,0,0,0,2
K_02_002,ARM_3,0,0,0,2
B_01_059,army,3.760,3.037,6,5
H_03_74,arrest_1,2.963,5.917,7,5
K_01_023,ARREST_2,0,0,0,5
K_03_036,ARREST_3,0,0,0,2
D_01_073,arrive,5.333,2.324,7,1
C_01_075,art,4.767,3.067,6,3
J_02_041,article,4.633,3.125,0,3
J_01_014,articulate_sign,4.833,2.840,0,5
A_01_078,asia,4.516,1.730,6,2
B_02_023,ask,5.240,2.133,7,2
J_03_096,assembly,2.643,1.455,0,2
H_02_36,assign,3.250,3.174,7,2
J_03_093,assist,4.793,1.727,0,1
F_03_76,assistant,4.778,1.813,6,1
F_02_13,astronaut,2.407,1.226,6,3
J_01_055,at,2.643,2.040,0,1
J_03_068,athlete,3.586,1.273,0,2
K_03_107,ATLANTA,0,0,0,2
A_03_089,attention,5.800,4.810,6,5
J_03_091,attitude,4.345,1.636,0,2
F_01_72,audience,4.538,2.156,6,5
F_02_21,auditorium,4.185,1.839,6,5
E_02_27,aunt,3.625,1.833,6,2
J_03_035,australia,3.069,1.182,0,5
F_03_11,autism,3.481,1.970,6,5
K_01_040,autism_2,0,0,0,3
J_01_048,automatic,4.067,1.680,0,3
G_03_50,average,5.154,2.300,2,1
E_01_40,avoid,5.314,2.000,7,1
G_01_78,awake,5.259,4.300,2,5
K_01_114,AWARD,0,0,0,5
F_02_71,away,4.481,5.742,5,2
B_01_022,awkward,4.200,2.538,6,5
F_01_13,axe_1,2.741,4.063,6,2
G_03_66,axe_2,1.760,5.050,7,2
C_01_017,baby,5.000,6.833,6,5
K_01_042,BABY_2,0,0,0,2
F_03_61,babysitter,3.963,4.656,6,5
E_01_59,bachelor,4.147,1.240,6,2
D_03_029,back,4.731,5.458,3,2
F_01_41,back_out,4.259,3.636,7,3
G_03_91,backpack_1,3.280,3.545,6,5
G_01_64,backpack_2,3.440,3.710,6,5
F_03_3,backyard,3.370,3.333,6,2
A_03_073,bacon,5.000,3.381,6,5
B_02_082,bad,5.500,1.567,2,2
F_03_96,badge_1,2.250,6.063,6,5
A_01_064,bag,5.452,5.730,6,2
K_02_015,BAG_2,0,0,0,2
A_01_060,bake_1,4.333,1.919,7,1
B_01_051,bake_2,5.120,2.259,7,1
C_02_046,balance,4.067,5.630,6,5
F_02_100,bald,3.593,4.161,2,2
C_02_044,ball,4.633,5.370,6,5
A_02_086,balloon,2.852,4.967,6,5
A_03_002,banana,3.875,5.381,6,3
K_02_097,BANANA_2,0,0,0,3
K_03_014,BANANA_3,0,0,0,1
K_01_061,BANANA_4,0,0,0,3
F_02_20,band_aid_1,2.864,4.097,6,3
F_03_20,bandage,3.000,5.091,6,1
H_01_88,bandaid,3.893,4.120,6,3
D_02_032,bank,4.741,1.161,6,2
A_03_072,bar,4.087,2.190,6,2
H_03_37,barely,4.821,1.792,3,2
J_02_051,bark,3.448,2.667,0,5
K_01_074,BARK_2,0,0,0,5
K_02_096,BARK_3,0,0,0,2
G_01_101,barrette_1,2.577,4.633,6,2
A_03_043,baseball,4.120,6.571,6,5
G_02_72,baseball_cap,4.480,5.531,6,2
C_01_034,basement,2.867,3.167,6,3
E_01_101,basic,4.771,1.808,2,1
G_03_70,basket_1,2.833,1.550,6,2
E_01_60,basket_2,4.471,4.040,6,5
A_03_045,basketball,5.040,3.381,6,5
H_02_4,basketball_2,2.429,5.304,6,2
K_01_013,BASKETBALL_2,0,0,0,5
G_03_53,baster_1,2.786,2.714,7,2
F_03_43,bat_1,2.435,3.406,6,5
E_01_21,bat_2,4.629,6.615,6,5
F_02_28,bat_3,3.731,7.000,7,5
B_01_019,bath,4.920,2.000,6,5
A_02_051,bathroom,6.556,1.300,6,2
K_02_101,BATHTUB,0,0,0,5
D_02_089,battery,5.148,1.800,6,5
G_02_29,beach,3.846,3.313,6,3
G_03_48,beak,1.842,4.381,6,2
E_03_91,beanie,3.115,5.438,7,5
E_02_69,beans,2.806,2.000,6,3
D_03_063,bear,3.115,3.000,6,5
C_03_085,beard,3.300,6.139,6,5
D_03_020,beat,3.240,1.625,7,2
F_02_67,beaver,4.840,2.613,6,2
B_01_049,because,4.240,1.296,5,2
H_02_8,become,4.357,2.261,7,5
A_03_037,bed,6.120,6.095,6,2
K_03_004,BED_2,0,0,0,5
D_01_056,bedroom,4.444,4.000,6,5
E_03_18,bee,3.400,1.750,6,2
J_02_101,bee_2(ck),3.821,2.083,0,2
B_03_062,beer,4.760,1.333,6,2
G_02_53,before,4.667,4.152,5,1
F_02_37,beg,3.815,2.900,7,2
C_02_036,behavior,3.741,1.481,6,5
B_02_048,behind,4.200,2.633,5,1
D_02_049,believe,5.370,2.355,7,2
G_02_11,believe_2,5.926,5.000,7,2
G_02_18,bell,2.833,3.750,6,3
A_03_036,belt,2.130,6.524,6,5
E_02_93,belt_3,3.688,4.267,7,5
G_03_31,bend,3.280,6.000,7,5
C_02_056,benefit,3.000,1.645,6,2
E_01_95,berry_1,3.600,1.760,6,3
F_02_62,best,5.926,2.839,2,2
F_02_27,bet,4.385,2.517,7,5
F_01_62,better,6.370,1.909,2,2
J_03_003,between,4.448,3.318,0,1
E_02_103,bib,3.563,4.800,6,5
D_02_026,bicycle,5.185,5.484,6,5
F_02_54,big,3.474,2.226,2,5
E_03_92,bind,4.167,5.250,7,5
A_03_074,binoculars,2.375,6.952,6,5
A_02_015,biology,3.444,1.367,6,5
A_01_041,bird,5.161,4.553,6,2
C_02_076,birth,4.367,2.519,6,1
D_01_054,birthday,5.185,1.242,6,2
E_02_68,bison,2.667,3.267,6,5
H_01_58,bitch,4.292,2.000,6,2
G_02_99,bite,4.370,5.563,7,3
K_02_045,BITE,0,0,0,2
K_03_082,BITE_ON_ARM,0,0,0,2
E_03_35,bite_on_neck,2.167,6.333,7,2
B_02_006,black,5.920,1.200,2,2
K_03_124,BLACKBIRD,0,0,0,2
G_01_5,blame,3.615,1.733,7,3
H_02_6,blank,2.429,2.304,2,5
A_03_032,blanket,4.375,3.286,6,5
J_03_075,bleed,4.379,1.682,0,2
G_02_16,bless,4.259,2.313,7,5
B_01_016,blind,3.320,3.885,2,2
B_02_081,blinds_1,2.200,4.267,6,5
C_03_014,blinds_2,1.826,3.889,6,5
G_02_55,blink,4.370,5.969,7,5
E_02_102,blond,4.625,2.724,2,2
C_01_087,blood,3.600,2.000,6,2
G_03_14,bloom,2.522,5.650,7,5
J_02_104,blouse,2.800,2.750,0,2
E_02_96,blow,2.781,5.065,7,5
K_01_070,BLOW_CANDLE_1,0,0,0,1
K_02_022,BLOW_CANDLE_2,0,0,0,2
F_02_45,blow_mind,3.577,5.645,7,2
C_02_062,blue,4.630,1.074,2,2
J_03_088,blur,3.643,2.182,0,5
J_03_100,blush,2.810,3.727,0,5
J_01_105,board,4.500,1.320,0,2
D_01_055,boat,3.704,2.314,6,5
B_01_047,body,4.840,5.556,6,5
G_03_101,boil,4.308,3.043,7,5
K_03_054,BOIL_2,0,0,0,3
H_02_25,boiling_mad,4.321,2.696,2,3
F_01_89,bolt,1.250,3.121,7,2
F_02_55,bomb,2.870,3.968,6,5
C_03_015,bone,3.167,2.467,6,5
A_01_027,book,6.677,6.684,6,5
E_01_37,boomerang,1.762,3.538,6,1
C_03_019,boots,2.933,1.371,6,5
K_03_101,BOOTS_2,0,0,0,5
B_01_017,bored,5.800,1.370,2,2
K_03_122,BORED_2,0,0,0,1
B_03_055,borrow,4.960,1.433,7,5
B_02_052,boss,5.240,1.800,6,2
J_03_001,boston,4.345,1.409,0,2
H_01_76,both,5.815,2.333,1,3
H_01_40,bother,5.071,1.920,7,1
D_02_064,bottle,3.846,4.258,6,3
F_01_66,bottom_2,1.643,3.313,6,2
H_03_57,bounce,2.360,6.000,7,2
F_03_65,bow_1,2.593,4.667,6,5
G_02_63,bow_2,2.375,4.188,6,5
F_01_60,bow_3,2.481,3.061,7,3
K_02_016,BOW_4,0,0,0,2
C_03_049,bowl,4.933,4.056,6,5
A_02_003,bowling,2.346,2.600,6,2
K_01_067,BOWLING_2,0,0,0,2
A_01_044,bowtie,1.903,5.077,6,5
C_03_025,box,4.833,4.889,6,5
F_03_50,boxing,3.115,6.750,7,5
B_02_090,boy,6.160,1.333,6,2
G_02_58,boyfriend,5.407,1.719,6,2
A_03_028,bra,3.240,6.190,6,5
K_01_090,BRA_2,0,0,0,2
K_02_039,BRA_3,0,0,0,2
A_03_024,bracelet,3.480,6.571,6,2
B_03_011,brag,3.720,3.733,7,5
K_03_125,BRAIDS,0,0,0,5
F_01_78,braille,2.148,4.061,6,3
J_01_103,brainstorm,4.167,3.680,0,2
E_01_30,brainwash,3.743,4.692,7,2
B_03_050,brave,4.522,2.533,2,5
A_02_058,bread,5.259,1.433,6,3
D_01_069,break,5.148,5.967,7,5
F_01_30,break_down,5.037,4.182,7,5
B_01_064,breakdown,4.333,3.741,7,5
F_01_73,breakfast,6.037,2.375,6,2
J_01_053,breakfast_2,4.679,1.680,0,2
J_01_047,breaktime,5.414,2.720,0,3
D_03_051,breathe,4.038,5.391,7,5
H_02_85,brick,4.679,3.913,6,5
A_03_016,bridesmaid,3.000,2.333,6,5
A_03_081,bridge,4.200,3.286,6,2
K_01_018,BRIDGE_2,0,0,0,2
F_03_28,bright,5.630,5.545,2,5
F_03_4,bring,6.185,5.030,7,5
J_02_096,broccoli_1,3.500,1.750,0,3
B_01_065,brother,5.480,1.074,6,2
D_03_045,brown,4.923,1.240,2,2
A_01_072,brush,3.733,6.622,6,2
E_02_52,bubbles,2.393,4.103,6,5
K_02_056,BUCKLE_1,0,0,0,1
K_03_073,BUCKLE_2,0,0,0,3
E_01_99,budget,4.286,1.577,6,1
F_03_33,buffalo,3.192,4.000,6,2
B_01_067,bug,4.360,2.963,6,2
A_03_088,building,5.360,2.857,6,5
E_01_98,bull,2.613,5.808,6,2
E_01_83,bulldozer,2.852,3.083,6,3
J_03_053,bullshit,5.172,1.636,0,2
K_01_123,BUMPY,0,0,0,3
K_03_121,BUN_HAIR,0,0,0,2
J_02_037,burn,2.893,3.625,0,5
F_03_9,burp,1.529,4.645,7,2
K_01_081,BURY,0,0,0,5
K_02_014,BURY_1,0,0,0,3
K_03_018,BURY_2,0,0,0,1
K_02_093,BURY_3,0,0,0,5
E_01_4,bus,5.200,1.115,6,2
D_01_022,business,5.185,1.444,6,1
G_01_22,busted,4.593,2.759,2,5
E_02_40,busy,5.656,2.367,2,1
D_03_030,but,5.654,2.250,5,5
A_01_034,butter,5.065,1.944,6,3
A_03_056,butterfly,3.720,6.571,6,5
F_02_25,buttons,3.000,6.200,6,2
D_03_074,buy,5.577,3.080,7,3
E_01_58,bye,6.057,6.960,6,2
B_01_073,cabbage,4.000,1.074,6,2
B_03_030,cabinet,2.900,3.233,6,1
A_02_054,cafeteria,4.519,1.767,6,2
D_01_033,cake,3.296,2.000,6,3
E_03_103,calculator,3.074,3.438,6,3
D_02_061,calendar,5.296,1.839,6,1
H_02_38,california,5.107,1.217,4,2
C_02_061,call,4.967,6.481,7,2
J_02_048,call_2,4.467,1.458,0,1
C_01_038,call_attention,4.500,1.700,7,3
B_03_026,call_tty,3.400,1.267,7,3
G_03_4,calm,5.148,4.400,2,5
E_03_21,camcorder,4.700,2.656,6,2
G_01_42,camel_2,2.600,4.241,6,2
B_03_073,camera,4.800,6.700,6,3
E_02_34,cameraman,2.281,4.097,6,1
A_01_045,camping,4.355,2.667,6,5
D_03_027,can,6.000,1.680,7,5
K_02_027,CAN_2,0,0,0,3
C_03_034,canada,3.600,1.056,4,2
C_02_017,cancellation,3.933,4.778,6,3
G_03_56,cancer_1,4.423,2.095,6,2
F_01_47,cancer_2,3.963,1.606,6,3
C_03_060,candle,3.733,3.639,6,3
A_01_018,candy_1,4.419,1.897,6,2
D_02_079,candy_2,4.654,1.233,6,2
G_02_37,cannon,2.577,3.625,6,2
E_02_94,cannot,5.813,3.483,7,1
D_01_045,canoe,2.222,5.806,6,5
F_01_4,cape,1.600,3.576,6,5
C_02_086,caption,5.200,2.630,6,5
H_03_48,capture,4.250,4.542,7,3
D_02_043,car,6.556,6.200,6,5
E_03_29,car_accident,3.933,3.933,7,5
E_01_39,car_battery,3.314,1.880,6,5
J_03_065,cards,4.103,6.455,0,1
B_03_039,careful,5.320,1.467,2,5
E_01_63,carousel,2.000,2.880,6,5
A_02_083,carrot,3.296,3.533,6,2
K_01_105,CARROT_2,0,0,0,2
K_03_075,CARROT_3,0,0,0,2
J_02_042,carry,0.000,4.792,0,5
K_02_026,CARVE,0,0,0,3
A_01_008,castle,1.579,3.481,6,5
K_01_017,CASTLE_2,0,0,0,5
K_02_019,CASTLE_3,0,0,0,5
K_03_110,CASTLE_4,0,0,0,5
H_02_50,casual,5.250,1.826,2,5
A_01_023,cat,5.097,4.618,6,2
K_02_047,CAT_2,0,0,0,5
K_03_087,CAT_3,0,0,0,5
E_03_83,catapult,1.500,6.097,7,2
G_02_33,catch,3.667,5.438,7,5
J_01_073,catch_2,2.778,5.680,7,2
K_03_109,CATCH_3,0,0,0,2
H_03_15,catch_3,4.500,5.708,0,2
K_02_058,CATCH_BASEBALL,0,0,0,3
E_01_34,category,6.314,1.346,6,5
G_01_25,catepillar,2.760,4.172,6,3
B_03_052,catholic,2.920,5.100,2,2
H_02_69,caught,4.037,5.391,7,3
D_01_088,cause,3.778,2.028,7,5
J_01_091,ceiling,2.759,5.000,0,5
J_02_100,celebrate,4.933,2.208,0,5
G_02_48,celery_2,2.704,4.438,6,2
K_01_128,CELLPHONE,0,0,0,2
H_01_37,cemetary,3.000,1.893,6,5
C_01_027,center,3.433,3.333,6,1
A_02_014,cereal,4.741,1.467,6,2
B_01_080,certificate,4.583,1.846,6,5
E_02_55,chain,3.375,4.414,6,5
A_01_017,chair,5.714,2.200,6,1
B_03_051,challenge,4.480,3.276,6,5
J_03_030,champ,5.448,1.500,0,3
G_01_81,champion,5.815,1.742,6,3
A_03_080,chance,4.208,1.381,6,5
E_01_31,change,6.371,3.231,7,5
C_03_023,channel,2.933,3.484,6,2
F_01_37,chaos,5.185,2.250,6,5
B_02_088,character,3.625,1.500,6,2
F_01_25,charge,5.296,3.469,7,3
E_02_56,charge_card_1,5.406,3.433,6,3
F_03_17,chase,4.815,3.333,7,1
C_01_079,chat,5.500,1.867,7,5
F_02_56,cheap,5.926,2.194,2,1
A_02_008,cheat_1,4.037,1.533,7,3
D_01_027,cheat_2,2.560,1.333,7,2
B_03_040,check,5.000,6.000,7,3
G_03_52,cheek,3.692,6.100,6,2
J_03_060,cheer,3.481,5.864,0,5
H_02_45,cheerleader,2.320,3.609,6,5
K_01_016,CHEERLEADER_2,0,0,0,5
A_02_021,cheese,5.630,1.700,6,1
F_03_64,cheese_grater,1.200,5.156,6,3
J_02_033,cherish,5.067,3.083,0,5
C_01_083,cherry,3.690,2.200,6,3
K_02_113,CHERRY_2,0,0,0,3
G_02_91,chew,3.000,3.563,7,2
J_02_027,chew_2(5),2.353,4.000,0,2
K_01_100,CHEW_2_mouth,0,0,0,2
K_02_041,CHEW_3,0,0,0,3
K_03_094,CHEW_4,0,0,0,5
D_01_043,chicago,3.259,1.118,4,2
F_03_101,child,4.815,3.938,6,2
C_02_066,children,5.467,2.037,6,5
E_02_64,chimney,2.696,3.633,6,1
E_01_20,chin_1,1.429,6.654,6,2
F_02_70,chin_2,5.080,6.806,6,2
D_03_061,china,3.038,1.083,4,2
F_03_41,chisel,2.333,4.000,6,3
B_01_002,chocolate,5.560,1.846,6,3
G_01_79,choke,3.731,5.800,7,2
F_02_99,chop,5.185,5.742,7,1
G_01_63,chopsticks,4.704,3.633,6,2
F_03_29,christmas_1,4.000,1.531,6,2
G_03_97,christmas_2,2.000,1.773,6,2
J_03_061,christmas_3(1-handed),3.690,1.182,0,2
C_02_018,church,3.267,1.769,6,3
E_01_46,churn,2.516,5.417,7,5
B_02_055,cigar,2.250,3.633,6,2
C_01_059,cigarette,3.367,1.586,6,3
E_02_62,circle,3.656,6.600,6,2
F_01_29,circus_1,1.125,1.424,6,2
H_02_65,circuswheel,2.778,3.583,6,5
B_01_029,city,4.500,3.148,6,5
K_02_076,CITY_2,0,0,0,5
G_01_96,clap,3.222,6.767,7,5
K_01_032,CLASH,0,0,0,5
B_03_068,class,4.720,1.167,6,5
F_03_13,clause,4.630,4.781,6,5
G_02_71,claw,2.192,4.094,6,3
E_03_82,clean,4.821,3.733,7,1
D_01_006,clear,4.269,3.667,2,5
E_01_54,cleftchin_1,2.696,5.400,6,2
E_01_45,cleftchin_2,2.250,5.360,6,2
G_01_47,click,4.926,5.032,7,2
J_01_031,client,4.533,0,0,5
F_01_103,climb_ladder,3.926,6.697,7,5
J_01_083,clip,4.517,4.000,0,3
D_02_076,clock,2.704,5.484,6,2
K_02_038,CLOCK_2,0,0,0,5
G_03_84,close,5.577,5.381,7,5
H_03_61,close_door,5.679,4.958,7,5
E_01_68,close_eyes,4.800,6.120,7,5
F_03_97,closet_1,3.240,2.000,6,3
E_01_91,closet_2,2.758,1.240,6,5
E_03_96,clothes,5.367,2.375,6,5
A_01_077,cloud_1,3.167,4.676,6,5
D_01_092,cloud_2,3.407,4.371,6,5
K_02_071,CLOUD_3,0,0,0,5
K_03_059,CLOUD_4,0,0,0,5
A_03_026,clown,2.680,4.952,6,2
F_03_82,clueless,5.111,3.938,2,2
H_02_83,coach,1.333,1.583,6,2
D_02_040,cocacola,2.846,1.000,4,2
F_03_44,cocaine,3.000,5.094,6,2
A_02_088,coconut,3.593,4.067,6,5
A_01_032,coffee,6.387,2.286,6,1
D_01_018,coins,1.632,1.914,6,3
C_02_068,cold,5.900,4.778,2,5
B_01_009,college,5.783,1.926,6,1
C_02_039,color,5.533,1.115,6,2
C_02_070,comb,3.000,6.185,7,2
K_03_065,COMB_2,0,0,0,2
C_03_074,come,4.833,6.250,7,2
H_02_74,come_here_E,4.286,6.750,0,2
E_02_20,come_out,4.469,4.655,7,3
H_03_58,comfortable,4.926,2.458,2,5
H_01_5,comment,4.607,2.111,7,5
J_03_072,committee,4.414,1.318,0,2
B_03_013,communication,5.760,4.400,6,5
J_01_015,community,5.100,1.600,0,5
H_02_44,commute,4.407,1.917,7,3
G_02_12,compass,2.593,2.844,6,3
G_01_23,complain,5.519,2.034,7,2
C_01_061,complex,4.500,1.833,2,5
A_01_054,computer,3.700,1.342,6,5
C_01_073,computer_mouse,3.900,4.700,6,2
A_03_086,concept,3.273,3.333,6,2
G_02_47,concerned,5.259,2.813,7,5
K_01_060,CONDUCT_1,0,0,0,5
K_02_091,CONDUCT_2,0,0,0,2
K_03_057,CONDUCT_3,0,0,0,2
E_02_5,cone,1.500,2.552,6,1
D_02_035,confident,4.963,1.667,2,5
G_02_22,confidential,5.444,3.484,2,2
J_02_084,conflict,4.867,3.958,0,5
J_01_110,confused_1,5.100,4.320,0,2
J_02_067,confused_2,4.633,3.167,0,2
B_02_022,congratulations,4.800,5.500,5,5
E_03_60,connection,3.793,4.310,6,5
J_01_101,consume,4.500,3.760,0,2
D_03_022,contact,5.462,4.182,6,5
E_02_74,contact_lens,3.438,4.267,7,2
D_03_032,continue,4.615,2.742,7,5
G_01_48,convince,4.926,1.667,7,3
H_03_13,convince_2,4.036,2.292,7,5
D_03_078,cook,6.077,3.120,7,1
B_03_008,cookie,4.960,3.267,6,4
F_01_14,cool_1,6.037,2.818,2,2
G_03_45,cool_2,5.077,4.300,2,5
H_03_99,cool_3,4.296,2.833,2,2
H_03_32,cool_4,5.393,1.792,2,2
J_01_004,cool_5,4.433,4.120,0,5
E_01_10,cooperate,5.143,2.846,7,5
D_01_064,copy,4.630,2.114,7,3
D_01_053,corkscrew,2.850,5.135,6,1
K_01_085,CORKSCREW_2,0,0,0,3
A_02_084,corn_1,4.185,4.100,6,2
C_02_026,corn_2,2.000,3.692,6,5
K_02_078,CORN_3,0,0,0,5
J_03_071,corner,4.103,4.818,0,5
J_02_040,"correct(grade,criticize)",4.600,3.333,0,3
E_03_20,cost,5.138,2.438,6,3
G_02_13,couch_1,2.591,2.656,6,5
C_02_071,cough,3.500,4.815,6,2
B_01_005,counselor,4.840,1.889,6,3
G_02_54,count,4.556,2.500,7,3
C_03_058,country,3.900,1.028,6,2
C_01_023,cousin,4.133,1.233,6,2
C_03_038,cover_up,3.429,2.889,7,1
A_01_033,cow,3.677,2.778,6,2
F_01_18,cowboy,1.278,1.788,6,5
F_03_67,crack,3.926,3.774,7,1
C_01_081,cracker,3.867,1.267,6,2
K_03_093,CRACKER_2,0,0,0,2
H_02_104,CRANKY,5.143,3.417,2,2
J_02_017,crash,3.900,4.750,0,3
K_01_034,CRASH_PLANE,0,0,0,3
D_01_068,crawl,2.296,2.914,7,3
K_02_088,CRAWL_2,0,0,0,5
D_03_040,crazy,2.962,6.360,2,2
F_02_10,cream,4.407,1.806,6,3
K_01_046,CREAM_2,0,0,0,3
D_03_076,create,5.308,2.200,7,5
B_02_057,credit_card,4.560,2.033,6,3
K_02_127,CREWCUT,0,0,0,5
F_03_83,criticize,5.333,4.281,7,3
D_01_081,crocodile,2.519,5.441,6,5
C_01_067,cross,1.967,6.467,6,2
H_01_7,cross_2,4.179,4.800,7,1
K_03_028,CROSS_3,0,0,0,2
J_01_064,cross_heart,2.500,6.120,0,2
F_01_16,crown,3.259,5.333,6,5
K_01_124,CRUMPLE,0,0,0,5
B_03_028,cry,4.440,6.567,7,5
K_01_003,CRY_2,0,0,0,5
K_02_040,CRY_3,0,0,0,5
K_03_060,CRY_4,0,0,0,2
H_01_51,culture,5.786,1.821,6,3
A_01_010,cup,5.742,2.897,6,3
F_03_51,curious,5.852,1.625,2,2
J_01_052,curl,1.818,3.520,0,2
K_01_072,CURL_2,0,0,0,2
H_02_7,curly_hair,2.619,4.625,2,5
A_02_025,curtain,2.444,4.900,6,5
K_02_006,CURTSEY_1,0,0,0,5
K_03_038,CURTSEY_2,0,0,0,3
E_02_46,cut_1,3.241,6.333,7,2
F_01_65,cut_2,4.444,5.469,7,3
B_03_087,cute_1,5.200,3.267,2,2
C_01_045,cute_2,4.500,1.533,2,2
F_01_98,damn,4.778,2.758,5,2
B_02_063,dance,3.960,3.400,6,3
A_02_034,dancer,3.185,2.400,6,3
E_02_67,danger,4.250,1.586,6,3
E_01_12,dark,5.600,1.962,2,5
J_03_094,dark_2(b),5.483,3.727,0,5
C_03_029,dart,1.643,6.389,6,2
G_01_31,date_1,5.222,2.310,6,5
E_02_23,daughter,5.500,2.742,6,2
C_01_044,day,4.733,2.700,6,2
F_03_38,deaf_1,6.769,4.061,2,2
E_03_98,deaf_2,2.167,4.000,2,2
H_01_22,deaf_school,5.429,3.185,6,2
J_02_074,deal_cards,2.048,3.417,0,5
A_01_076,death,4.484,2.568,6,5
B_02_074,decide_1,4.240,2.300,7,2
D_03_057,decide_2,4.962,1.870,7,5
F_01_1,decline,3.444,3.906,7,2
K_01_073,DECORATE_1,0,0,0,5
K_02_030,DECORATE_2,0,0,0,5
F_03_85,dedicate_1,5.296,1.688,7,2
G_03_94,dedicate_2,2.792,1.773,7,5
C_03_006,deep,3.567,4.500,2,3
A_03_060,deer,3.360,5.381,6,5
G_03_90,defeat_2,3.200,3.136,7,2
G_02_61,definition,4.963,1.625,6,4
E_01_79,deflate,4.571,4.480,7,3
J_01_021,degree,4.167,2.280,0,5
H_03_1,delegate,2.130,1.583,6,2
H_02_9,deliberate,4.786,2.875,7,5
B_01_082,delicious,5.480,2.259,2,2
F_02_3,delinquent,4.593,1.774,6,3
D_03_080,demand,4.500,2.000,6,4
J_03_031,demote,3.586,3.955,0,5
H_02_30,dent,2.632,4.417,2,5
A_01_014,dentist,2.677,3.923,6,2
K_03_027,DENTIST_2,0,0,0,2
D_02_039,deny,4.000,2.839,7,5
A_01_086,deodorant,3.968,6.583,6,2
C_02_033,department,4.567,1.630,6,5
H_03_76,depend_on,4.786,1.667,7,5
E_02_59,depress,5.000,3.448,7,5
F_02_18,depth,4.556,5.097,6,3
A_03_008,desert,2.917,1.810,6,2
J_03_104,design,4.241,2.091,0,3
F_01_94,dessert,4.630,1.606,6,5
E_03_52,destroy,4.000,3.267,7,5
J_03_092,develop_1,4.690,2.273,0,1
H_01_050,develop_2,2.714,2.480,7,3
A_01_079,devil,3.355,3.378,6,2
K_01_047,DEVOUR,0,0,0,5
A_01_066,diamond,2.613,1.816,6,3
A_02_002,diaper,3.407,3.300,6,5
D_02_036,dice,3.222,6.129,7,2
F_03_35,dictionary,3.926,2.333,6,3
D_02_021,die,4.346,2.839,7,5
E_03_95,different,5.517,3.625,2,5
J_01_075,different_situation,4.345,1.560,0,2
K_02_119,DIG,0,0,0,3
G_02_19,dig_up,3.556,6.469,7,5
J_01_003,dilemma,3.400,2.920,0,5
F_02_49,dining_room,3.400,2.100,6,2
G_03_44,dinner,4.846,3.048,6,2
J_02_023,dinner_2(d),4.655,2.417,0,2
A_01_031,dinosaur,2.333,3.564,6,2
K_03_047,DINOSAUR_2,0,0,0,2
J_01_063,dip,3.633,5.400,0,3
K_01_065,DIP_2,0,0,0,3
K_02_052,DIP_3,0,0,0,3
H_01_14,director,4.185,2.143,6,5
C_03_026,dirty,5.533,2.750,2,2
B_02_066,disagreement,5.200,2.333,6,2
D_01_036,disappear,3.741,3.000,7,3
G_03_18,disappoint,5.296,2.600,7,2
H_01_17,disconnect,4.786,4.560,7,5
E_03_81,discuss,5.767,2.172,7,3
F_03_6,dislike,5.444,3.152,7,2
D_03_035,disney,3.167,1.200,4,2
G_02_102,dispatch,0.000,3.364,7,1
E_03_76,disrupt,5.200,3.000,7,5
J_03_019,dissect,0.000,4.636,0,3
J_03_081,dissolve,4.655,2.818,0,5
D_02_029,dive,2.370,4.065,7,3
E_02_18,divide,4.563,4.700,7,5
C_01_063,divorce,4.100,2.933,6,5
H_02_102,dizzy,3.214,4.875,2,2
E_01_96,do_do,6.400,1.885,7,5
A_03_020,doctor,4.130,3.810,6,2
K_03_015,DOCTOR_2,0,0,0,2
H_01_97,document,5.036,3.375,7,3
F_03_31,doesnt_matter,6.074,5.030,7,5
A_01_056,dog,6.258,1.737,6,2
K_01_055,DOG_2,0,0,0,2
J_02_068,dog_3(slap),5.167,1.583,0,2
H_02_103,dog_4(slapsnap),4.500,1.750,6,2
C_02_049,doll,3.333,1.222,6,2
A_03_057,dolphin,2.500,5.952,6,2
K_02_021,DOLPHIN_2,0,0,0,2
K_03_032,DOLPHIN_3,0,0,0,2
J_01_087,dominant,4.833,3.840,0,5
J_01_012,donkey,2.533,3.880,0,5
G_03_82,dont_care,5.538,3.450,7,2
J_01_005,dont_feel_like,5.033,2.080,0,2
E_03_49,dont_know,6.133,5.774,7,5
F_01_33,dont_like,6.111,5.242,7,2
B_03_033,dont_mind,5.840,3.433,7,2
H_01_104,dont_need,5.714,3.833,2,2
E_02_14,dont_want,6.031,5.267,7,5
F_01_71,donut_1,3.259,3.000,6,5
E_02_48,donut_2,4.273,2.966,6,5
A_03_052,door,6.320,3.619,6,1
A_01_059,dormitory,4.323,1.108,6,2
H_03_84,double,4.857,3.250,1,3
B_01_057,doubt,5.440,2.185,7,2
G_03_55,down,4.615,6.800,5,2
H_03_12,downhill,3.821,5.917,2,1
C_03_046,download,3.138,2.667,7,5
C_01_055,downsize_1,2.308,5.484,7,5
D_02_058,downsize_2,4.111,5.226,7,5
K_01_022,DRAG,0,0,0,2
J_02_039,drag,2.500,5.042,0,5
F_01_11,dragon,2.556,4.121,6,2
D_02_063,draw,4.741,5.000,7,3
A_01_082,drawer,2.286,3.417,6,5
G_02_69,dreadlocks,2.296,5.000,6,5
B_02_044,dream,4.583,3.233,6,2
A_03_046,dress,4.720,5.048,6,5
J_03_057,dress_up,4.655,2.045,0,5
F_03_75,dresser,3.333,2.406,6,5
K_02_074,DRIBBLE,0,0,0,2
D_02_044,drill,2.808,4.419,6,3
B_02_012,drink,6.348,7.000,6,2
K_03_092,DRINK_2,0,0,0,2
F_02_102,drip,3.038,4.000,7,2
E_02_53,drive,5.813,2.767,7,5
C_03_052,drop,4.333,5.500,7,5
D_01_017,drown,1.875,2.611,7,3
K_01_093,DROWN_2,0,0,0,3
K_02_111,DROWN_3,0,0,0,3
K_03_077,DROWN_4,0,0,0,3
K_01_045,DROWN_5,0,0,0,3
F_01_40,drug,3.417,3.000,6,2
A_03_075,drum,2.000,6.048,6,5
C_03_077,drunk,3.967,1.639,2,2
F_03_5,dry,5.593,1.875,2,2
C_01_007,dryer,3.333,3.400,6,2
D_01_079,duck,3.370,4.500,6,2
K_02_068,DUCK_2,0,0,0,2
H_03_11,due,4.185,2.875,2,3
A_02_028,dumb,4.963,4.333,2,2
H_03_87,dust,1.500,3.625,6,2
H_03_8,duty,3.296,0,6,3
F_02_92,dye,4.296,2.710,7,5
F_02_59,each,5.222,2.645,5,1
H_02_76,each_other,4.179,2.417,5,5
D_03_066,eagle,2.846,2.292,6,2
K_03_021,EAGLE_2,0,0,0,2
D_02_071,ear,2.704,6.833,6,2
G_01_18,early,4.040,1.586,2,3
F_03_16,earmuffs,2.880,6.382,6,5
C_03_055,earn,4.207,1.618,7,3
C_03_011,earring,3.867,6.528,6,5
E_02_99,ears_up,4.241,4.138,7,5
C_03_002,earth,3.600,1.417,6,3
A_03_039,earthquake,3.640,3.810,6,3
F_01_44,easel,5.000,2.781,6,3
D_03_082,east,4.077,2.375,6,2
E_03_32,easter,3.100,1.933,6,5
D_01_070,easy,5.630,2.000,2,1
G_02_73,easy_to_do,5.615,2.781,7,1
B_02_002,eat_1,6.840,6.100,7,2
B_03_082,eat_2,6.680,5.867,7,2
F_02_15,eclipse,1.917,3.129,6,5
E_03_99,edge,2.889,4.563,6,1
F_01_68,edit_1,3.852,1.517,7,5
G_02_57,edit_2,3.154,1.844,7,5
G_02_44,effect,4.000,1.969,6,3
A_03_011,egg,5.440,1.571,6,5
E_01_7,egg_beater,2.059,6.154,7,2
D_01_014,ego,2.200,3.194,6,2
C_02_042,egypt,2.276,2.222,4,2
J_02_099,eight,4.379,1.583,0,2
J_01_085,either,5.333,2.680,0,1
A_02_005,electrician,3.148,1.300,6,5
K_01_096,ELECTROCUTE,0,0,0,5
D_03_042,elegance,4.231,1.875,6,2
J_01_070,elementary_school,4.138,1.360,0,3
A_02_059,elephant,3.259,5.500,6,2
E_03_72,elevator_1,2.720,4.094,6,3
G_03_36,elevator_2,4.519,3.950,6,3
K_03_002,ELEVATOR_3,0,0,0,3
E_01_52,eleven,5.857,4.560,1,2
B_03_083,email,5.292,1.333,6,3
C_01_014,embarrass,3.700,3.667,7,5
B_03_005,emotion,4.960,2.733,6,5
C_03_005,emperor,1.407,2.250,6,2
F_03_86,emphasis,4.926,2.063,6,3
E_02_72,empty_1,4.000,2.233,2,3
J_01_077,empty_2,2.900,5.400,0,5
E_01_74,end,5.514,4.458,7,1
E_02_45,enemy,4.406,2.133,6,5
G_02_56,energy,5.111,1.688,6,2
B_01_084,engagement,2.200,2.630,6,3
E_01_36,engine_start,4.686,1.192,7,5
A_03_014,engineer,3.480,1.857,6,1
A_01_011,english,4.645,1.026,6,1
D_03_033,enjoy,5.692,3.958,7,5
D_01_084,enough,4.741,3.694,3,3
E_02_76,enter,5.063,3.900,7,1
D_02_020,envelope,1.913,3.806,6,2
K_02_100,ENVELOPE_2,0,0,0,2
K_03_062,ENVELOPE_3,0,0,0,5
K_01_041,ENVELOPE_4,0,0,0,5
K_02_107,ENVELOPE_5,0,0,0,2
J_01_022,environment,4.867,1.720,0,3
C_01_052,equal,4.700,4.533,2,5
J_03_085,erase,4.250,5.227,0,3
K_03_098,ERASE_2,0,0,0,2
K_01_099,ERASE_3,0,0,0,2
K_02_042,ERASE_4,0,0,0,2
K_03_095,ERASE_5,0,0,0,2
C_01_072,eraser,4.633,4.533,6,3
H_03_17,erupt,3.346,6.250,0,3
K_01_119,ERUPT_2,0,0,0,5
H_01_33,escalate,2.200,4.208,0,2
F_01_36,escalator,3.889,4.879,6,2
G_01_12,escape,5.000,2.933,7,3
G_03_100,especially,4.923,2.043,3,4
C_02_010,europe,3.138,1.037,4,2
A_03_015,evaluate,4.760,2.952,7,5
F_03_57,even_1,4.593,0,3,5
D_02_047,evening,6.556,1.387,6,1
F_03_49,event,5.577,1.813,6,5
J_02_058,every_night,5.000,1.833,0,4
H_02_41,every_year,5.321,1.417,0,3
E_01_84,everyday,5.943,1.120,2,2
F_03_84,everything,5.630,2.600,5,5
G_03_103,evidence,4.577,2.609,6,3
G_02_24,example,5.704,2.548,6,3
H_01_102,excited,6.036,3.821,0,5
D_03_052,excuse,4.269,1.667,6,3
C_01_084,exercise,4.900,4.700,6,5
F_02_68,expect,5.370,1.548,7,2
C_01_064,expensive,5.000,2.433,2,3
B_02_064,experience,4.800,1.233,6,2
H_03_2,experiment,4.214,1.833,0,5
F_02_23,expert,5.407,1.200,2,2
J_03_099,expert(candoanything),3.750,1.545,0,5
C_02_053,explanation,5.967,1.852,6,5
H_01_53,explode,3.333,4.444,0,5
J_01_009,express(produce),4.667,3.240,0,5
H_03_39,eye-turn,4.179,5.292,0,5
A_01_012,eyeglasses,3.905,6.407,6,5
C_01_062,eyes,4.967,6.833,6,2
G_01_41,eyes_awake,4.320,2.897,7,5
E_01_53,face,5.114,6.560,6,2
J_02_061,faculty,4.200,1.792,0,2
J_02_053,fade,4.400,2.708,0,5
H_01_77,fail,4.400,2.143,0,1
G_03_46,faint,2.542,1.714,7,2
G_01_80,fair,5.704,3.387,7,5
G_03_80,fake,4.769,2.150,7,2
B_03_074,fall_1,4.680,1.300,6,2
C_03_007,fall_2,3.733,3.200,7,2
E_03_6,falling_asleep,4.250,1.818,7,5
C_01_025,family,5.967,2.000,6,5
E_03_85,famous,4.233,2.000,2,5
F_03_55,fan,2.926,3.094,6,3
J_01_045,fantasy,3.536,3.040,0,5
D_03_007,far,4.115,3.625,3,1
B_01_086,farm,3.625,1.037,6,2
E_01_87,fascinated,4.057,1.808,7,5
J_01_010,fashion,1.133,1.760,0,5
C_03_016,fast,5.034,1.361,3,5
C_01_011,fat,4.133,6.300,2,5
B_01_077,father,6.360,1.259,6,2
D_01_065,faucet,2.577,3.838,6,5
C_01_051,fault,4.800,2.567,6,2
B_01_024,favorite,5.480,1.633,6,2
G_02_46,feather,2.048,2.781,6,2
D_01_093,february,3.963,1.189,4,2
E_01_47,fed_up,5.886,4.760,7,2
G_03_58,feed,5.038,4.100,7,2
K_02_035,FEED_2,0,0,0,2
J_01_002,feedback,4.167,1.680,0,5
C_02_001,feel,5.655,3.630,7,2
G_01_6,fence,4.074,3.103,6,5
K_03_037,FENCE_2,0,0,0,5
F_01_83,fencing,1.926,5.750,7,2
C_02_067,few,4.429,2.370,5,2
F_03_34,fiance,4.407,4.000,6,3
J_03_046,fifth,4.250,3.818,0,2
B_03_058,fight,4.417,4.333,7,5
C_01_016,figure,3.690,1.871,7,5
J_03_102,file(catalog),3.517,2.909,0,3
K_01_038,FILE_3,0,0,0,5
K_02_036,FILE_4,0,0,0,2
H_01_99,fill_out,4.893,3.520,0,3
B_01_037,film,4.440,2.355,7,3
F_01_59,filter,3.593,2.706,7,5
D_01_012,finally,5.222,2.243,3,5
F_02_47,finance,4.407,1.258,6,3
B_03_076,find,5.280,1.800,7,2
C_01_043,fine_1,6.100,3.000,2,2
D_02_067,fine_2,6.185,3.452,2,2
G_02_97,finger,2.348,5.516,6,2
J_01_006,fingers_crossed_E,4.867,6.800,0,5
B_01_048,fingerspell,5.320,1.846,7,2
B_03_065,fingerspelling,5.400,2.700,6,2
B_03_025,finish,5.800,2.933,7,5
E_03_58,fins,2.308,5.357,6,5
B_03_090,fire,3.400,3.467,6,5
J_03_058,fired,4.069,2.091,0,3
A_02_039,fireman,2.913,2.067,6,2
K_03_052,FIREMAN_2,0,0,0,2
F_02_101,firetruck_1,2.222,1.903,6,2
C_01_033,first,5.767,4.867,1,2
A_03_040,fish,4.560,4.476,6,1
A_02_035,fishing,3.185,6.100,6,4
K_01_050,FISHING_2,0,0,0,3
E_02_7,fit,4.344,3.000,3,5
G_03_43,fix,5.440,2.667,7,5
B_01_036,flag,3.667,5.407,6,2
G_02_92,flag_2,4.519,5.750,6,2
A_03_084,flashlight,2.920,2.571,6,2
K_02_099,FLASHLIGHT_1,0,0,0,2
K_03_030,FLASHLIGHT_2,0,0,0,2
K_01_057,FLASHLIGHT_3,0,0,0,2
K_02_092,FLASHLIGHT_4,0,0,0,2
H_02_88,flip,3.607,5.667,0,2
E_01_66,flip_switch(sameasLIGHT_SWITCH),3.886,6.000,7,2
F_03_77,flipflops,3.692,3.452,6,3
E_03_43,float,1.929,4.828,7,2
K_03_007,FLOAT_2,0,0,0,2
K_01_082,FLOAT_3,0,0,0,2
D_01_062,floor,3.720,3.857,6,5
A_03_017,flower,4.920,1.857,6,2
E_02_36,flute,2.125,6.533,6,5
D_03_070,fly,2.885,6.680,7,5
J_03_056,focus,4.034,5.818,0,5
F_02_19,fold,4.115,6.032,7,5
K_02_072,FOLD_2,0,0,0,1
G_01_58,follow,5.481,3.345,7,5
H_03_29,follow_2,2.885,3.000,0,5
K_01_113,FOLLOW_3,0,0,0,3
K_03_016,FOLLOW_4,0,0,0,5
J_01_079,fond,2.105,1.680,0,2
J_02_102,fool,4.267,1.833,0,3
A_02_027,football,5.370,1.767,6,5
B_03_049,for,5.080,1.500,5,2
D_03_089,forbid,4.231,3.160,7,3
C_01_077,foreigner_1,2.407,1.200,6,2
C_03_067,foreigner_2,2.933,1.083,6,2
G_01_38,forest,5.630,3.897,6,2
D_03_072,forever,3.500,2.633,3,2
E_02_25,forever_2,4.500,1.867,6,2
D_02_038,forfeit,3.800,1.633,7,2
D_02_017,forgetful,4.519,4.323,2,2
E_01_49,fork,4.714,4.040,6,3
K_02_050,FORK_2,0,0,0,3
K_03_003,FORK_3,0,0,0,3
K_01_027,FORK_4,0,0,0,3
G_03_23,form,2.920,3.000,6,5
J_02_066,former,5.067,1.667,0,2
J_01_049,foul,2.550,1.480,0,2
C_01_029,four,5.333,6.900,1,2
H_03_4,fourth,4.607,5.500,0,2
A_03_041,fox,2.640,2.095,6,2
F_02_24,fraction,2.667,4.433,6,3
G_02_34,frame,2.263,5.581,6,5
D_02_078,france,3.111,1.452,4,2
D_02_070,fraud,2.526,1.233,6,2
G_02_9,freak_out,4.630,1.969,7,2
B_01_083,freckles,2.667,3.519,6,5
G_01_27,free,4.630,3.034,2,5
E_02_1,freedom(sameasRELEASE),4.344,2.536,6,5
B_03_001,freeway,3.840,1.667,6,5
F_03_10,freeze,4.630,3.424,7,5
C_02_022,french,2.571,1.259,6,2
A_01_085,frenchfries,4.645,2.139,6,2
B_02_020,friday,6.320,1.033,4,2
D_03_010,friend,6.462,2.250,6,5
C_02_031,friendly,3.933,4.630,2,5
J_03_034,friends_no_more,1.696,3.227,0,2
K_02_070,FRISK,0,0,0,5
D_03_059,frog,2.731,2.250,6,2
D_01_059,from,4.889,2.600,5,3
H_02_40,from_then_on,4.929,3.500,0,1
C_01_039,front,4.241,4.567,5,2
F_02_57,frown,5.593,5.935,7,2
K_03_115,FROWN_2,0,0,0,5
C_02_083,fruit,5.300,1.519,6,2
C_02_050,frustrate,4.667,2.296,7,2
H_01_69,fry,5.500,2.571,0,1
D_02_048,full,5.852,2.667,2,3
E_02_57,fun,5.969,1.700,2,2
J_02_071,function,3.966,1.792,0,3
E_03_38,funny,5.552,3.800,2,2
C_02_059,furniture,3.261,1.000,6,2
C_03_080,future,4.900,2.833,6,2
K_02_123,FUZZY,0,0,0,3
B_02_010,gallaudet,4.200,1.067,4,2
F_01_51,gamble,3.593,5.636,7,2
C_03_047,game,5.833,1.583,6,5
A_03_022,garage,4.280,2.000,6,3
G_02_28,garlic,3.696,1.774,6,2
A_03_090,gas,6.080,3.857,6,3
E_03_64,gate,3.759,5.875,6,1
E_02_73,gate_close,4.000,5.267,7,1
D_03_011,gay,4.692,1.250,2,2
H_01_32,generation,4.750,2.560,0,5
H_02_24,genius,4.071,3.167,0,2
D_02_088,germany,2.926,1.033,4,5
J_03_086,gesture,4.241,2.909,0,5
B_03_007,get,5.760,4.533,7,5
J_03_010,get_in_bed,4.172,2.273,0,3
E_01_57,get_information_out_of,3.152,1.920,7,1
H_01_93,get_off,4.107,3.560,0,3
F_03_47,get_through,5.333,6.188,7,3
J_02_073,get_together,4.833,4.833,0,5
E_01_32,ghost,3.800,1.269,6,5
E_01_55,gift,5.143,1.920,6,5
A_03_049,giraffe,2.636,4.762,6,1
C_03_073,girl,4.552,1.528,6,2
F_01_23,give,5.667,4.909,7,2
H_03_28,give_up,3.857,5.000,0,5
E_01_90,glass,5.657,5.080,6,3
K_01_115,GLASS_2,0,0,0,2
K_02_059,GLASS_3,0,0,0,2
B_03_036,glasses,3.750,5.200,6,5
A_02_087,glove,3.846,6.367,6,1
A_02_026,gloves,2.885,6.267,6,1
K_03_049,GLOVES_2,0,0,0,3
K_01_012,GLOVES_3,0,0,0,3
K_02_105,GLOVES_4,0,0,0,1
D_03_093,glow,2.696,2.760,6,5
K_03_117,GLUE_1,0,0,0,3
F_01_96,glue_2,3.385,3.438,7,5
C_03_056,go,6.033,5.583,7,5
J_01_041,go_ahead,6.067,2.880,0,5
H_01_52,go_back_and_forth,3.731,4.741,0,5
E_01_75,go_on,5.886,5.520,7,5
J_03_017,go_through(list),4.517,3.227,0,3
F_03_99,go_to_jail,3.926,2.563,7,5
E_03_48,goal,5.000,4.000,6,5
A_02_024,goat,2.037,3.200,6,2
G_01_74,goatee,2.250,5.067,6,2
D_02_068,god,4.519,2.448,4,2
G_03_21,going_through_a_hard_time,4.000,2.650,7,5
D_02_009,gold,3.231,1.032,6,2
A_02_017,golf,3.333,5.567,6,4
G_03_51,gone,5.308,2.190,2,3
B_01_052,good,6.440,1.630,2,2
G_03_83,goody_goody,4.038,2.050,2,2
J_01_072,goody_goody_shoe_opposite,1.714,1.320,0,2
G_03_96,goosebumps,3.769,3.409,6,2
A_02_044,gorilla,2.593,6.800,6,5
D_01_029,gossip,4.222,3.162,6,5
H_02_72,gotcha,4.393,2.792,0,2
B_02_062,government,4.480,1.300,6,2
E_03_39,grab,3.967,6.400,7,5
F_02_76,grade,4.077,1.484,6,3
B_03_081,graduate,4.240,1.267,7,3
H_02_52,graduate_school,4.214,1.375,0,2
J_03_078,grammar,3.966,1.227,0,5
B_02_036,grandfather,4.360,1.267,6,2
C_02_027,grandmother,4.500,1.333,6,2
H_01_89,grandparents,4.429,1.778,0,5
A_02_089,grapes,4.333,2.133,6,3
K_01_010,GRAPES_2,0,0,0,3
E_01_6,grasp,2.406,6.308,7,2
A_03_031,grass,4.880,1.762,6,2
F_01_80,gray,4.037,1.781,2,5
J_03_016,great,4.621,1.773,0,5
C_02_048,greece,2.429,1.037,4,2
B_02_085,green,5.400,1.067,2,2
G_02_1,green_beans,3.148,2.031,6,2
J_01_042,greet,3.133,6.200,0,5
K_02_095,GREET_2,0,0,0,2
E_02_10,grenade,1.786,6.069,6,1
E_03_100,grieve,4.200,2.000,7,5
J_02_094,grind,4.172,5.375,0,1
J_01_001,group,4.867,2.560,0,5
B_02_042,grow,4.840,5.467,7,3
J_01_036,grow_up,5.500,5.600,0,2
C_01_057,guess_1,4.897,2.233,7,2
D_02_013,guess_2,4.815,1.806,7,2
E_03_57,guide,5.000,3.200,7,4
G_01_8,guillotine_1,2.150,4.867,6,2
F_01_93,guillotine_2,2.148,5.424,7,2
D_03_085,guilty,3.538,1.708,2,2
A_02_077,guitar,2.630,6.967,6,2
C_02_058,gullible,3.433,1.423,2,2
G_02_10,gum,5.037,3.452,6,2
D_02_046,gun,3.407,6.710,6,2
K_03_105,GUN_2,0,0,0,2
K_01_069,GUN_3,0,0,0,2
G_03_3,gym,4.000,2.800,6,5
E_03_67,habit,5.100,1.548,6,5
H_01_90,had_enough,4.500,5.542,0,2
G_02_103,haha,5.556,2.667,5,2
A_02_056,hair,5.444,6.900,6,2
K_02_053,HAIR_2,0,0,0,2
E_02_80,hair_clipper,2.194,4.133,7,2
C_02_081,haircut,3.000,1.185,6,5
G_03_16,hairdresser,4.444,4.000,6,5
B_02_078,hairdryer,3.200,4.067,6,2
K_03_056,HAIRDRYER_2,0,0,0,2
K_01_091,HAIRDRYER_3,0,0,0,2
F_03_40,half,5.000,3.788,6,2
J_02_024,half_hour,4.933,2.625,0,1
F_01_97,hall,3.556,3.485,6,5
G_03_11,halloween_1,3.407,2.200,6,5
G_02_35,halloween_2,3.815,2.656,6,5
A_01_004,hamburger,4.429,3.640,6,5
C_02_021,hammer,2.500,5.968,6,2
E_03_73,hamster_1,3.067,1.406,6,2
G_01_89,hand_soap,3.593,6.333,7,3
G_01_88,handcuffs,2.889,5.667,6,2
G_01_65,hands,4.815,4.379,6,1
H_02_27,hands_off,4.786,3.000,0,5
J_03_018,handsome,2.167,1.909,0,2
F_01_3,handsome_1,4.346,2.394,2,2
G_01_98,handsome_2,2.158,1.935,2,2
E_03_41,handsome_3,3.067,1.633,2,2
E_02_63,hang,2.565,5.750,7,2
K_02_069,HANG_CLOTHES,0,0,0,5
G_02_30,hanukkah,3.667,3.548,6,5
B_03_080,happen,5.208,1.867,7,5
C_03_078,happy,5.700,3.250,2,2
C_01_036,hard,5.793,2.233,2,5
J_01_050,hard_of_hearing,4.367,1.520,0,2
G_03_54,harmonica,1.750,6.143,6,5
F_02_73,harp,1.667,6.548,6,2
A_02_045,hat,4.407,5.033,6,2
K_03_099,HAT_2,0,0,0,5
J_03_106,hatbrim,3.345,5.136,0,2
J_02_069,hatch,1.824,3.292,0,5
K_01_007,HATCH_2,0,0,0,5
F_02_78,hate,5.407,4.000,7,5
B_03_057,have,6.125,3.533,7,5
J_03_054,hawaii,3.793,1.227,0,2
F_02_44,he,6.407,3.226,5,2
E_03_44,head,4.367,5.207,6,2
H_03_100,head_back,4.154,2.250,0,2
E_03_33,head_grind,3.276,3.167,7,2
B_01_027,headache,5.480,4.926,6,5
J_02_025,headcold,4.600,4.292,0,2
C_01_054,headphones,1.630,6.500,6,5
B_02_083,health,4.720,1.733,7,5
H_03_96,heap,4.286,4.792,0,2
E_01_97,hear,5.029,6.360,7,2
J_02_006,hear_2(3),3.533,6.625,0,2
C_02_023,hearing,5.857,1.000,7,2
B_01_015,hearing_aid,4.708,5.370,6,2
B_03_066,heart,3.480,5.400,6,5
E_03_97,heart_touch,5.067,4.125,7,2
H_02_63,heartbody,4.080,5.208,0,2
A_02_075,heaven,3.333,2.667,6,5
F_01_85,heavy,4.222,5.094,2,5
D_02_042,helicopter,2.481,4.903,6,3
K_02_004,HELICOPTER_2,0,0,0,0
K_03_063,HELICOPTER_3,0,0,0,0
G_03_8,hell,3.333,1.700,6,2
D_02_055,hello,6.519,5.167,5,2
D_02_034,helmet,2.360,6.323,6,5
K_01_066,HELMET_2,0,0,0,0
D_01_042,help,6.148,1.472,7,3
G_02_41,hen,1.962,1.833,6,2
D_01_089,here,5.704,1.943,3,5
G_02_25,hide,4.889,2.839,7,2
C_02_045,high,4.400,3.731,2,2
F_02_8,high_heels_1,2.565,3.097,6,3
C_02_060,high_school,5.033,1.000,6,2
G_01_20,highlighter,5.000,3.967,6,3
G_03_41,hinge,1.273,4.950,6,1
C_01_069,hippo,1.692,3.333,6,5
K_02_060,HIPPO_2,0,0,0,0
K_03_074,HIPPO_3,0,0,0,0
F_02_58,his,5.778,2.387,5,2
A_02_036,history,4.778,1.200,6,2
F_02_5,hit,4.111,6.323,7,2
K_01_111,HIT_2,0,0,0,0
J_02_034,hitchhike,2.464,6.250,0,2
B_01_035,hockey,3.000,1.630,6,3
G_01_7,hoe,1.842,4.129,6,1
F_02_80,hold,3.875,5.968,7,5
K_02_124,HOLD_2,0,0,0,0
E_03_93,hold_accountable,3.852,2.875,7,2
H_02_75,hold_hands,3.222,6.522,0,5
E_02_3,hold_together,3.781,4.621,7,5
D_03_031,holiday,3.846,1.360,6,5
G_01_72,holy,2.385,1.968,6,3
B_03_063,home,6.480,1.100,3,2
A_03_003,homework,5.440,1.143,6,2
B_01_028,honest,4.833,1.630,2,3
F_02_64,honey,4.346,1.355,6,2
J_03_052,honey_2,2.118,1.227,0,2
G_02_4,hongkong,2.667,1.500,6,2
H_01_74,honk,2.792,5.852,0,2
C_03_079,honor,3.667,1.778,6,5
H_03_104,hood,3.250,5.417,0,5
K_02_122,HOODIE,0,0,0,0
K_02_044,HOODIE,0,0,0,0
E_03_25,hop,3.467,6.125,7,2
D_02_085,hope,4.741,1.258,7,2
D_03_049,horrible,3.923,2.640,2,5
A_01_029,horse,3.516,1.769,6,2
E_02_54,hose,2.844,5.133,6,2
B_02_026,hospital,4.480,1.400,6,2
J_02_022,hospital_2(head),2.964,1.792,0,2
F_02_93,hot,6.296,2.226,2,2
E_01_26,hot_competition,5.171,2.346,2,5
B_03_067,hotdog,3.680,2.467,6,5
B_01_053,hotel,4.080,1.148,6,3
C_02_072,hour,5.333,3.000,6,3
D_03_086,house,5.385,5.217,6,5
D_02_082,how,5.556,3.267,5,5
F_02_86,how_2,5.815,1.452,3,1
J_02_019,howl,2.000,5.208,0,2
G_02_36,hug,6.148,6.645,7,5
A_01_009,humble,3.200,1.846,2,2
K_01_125,HUMMINGBIRD,0,0,0,0
H_03_63,humor,3.083,2.000,0,2
H_03_27,hundred,1.833,1.792,0,2
C_01_010,hungry,5.767,3.133,2,2
B_01_025,hunt,2.500,4.778,7,5
F_02_12,hurdle_1,2.120,3.933,6,3
G_01_36,hurdle_2,2.391,3.966,7,3
F_02_61,hurricane,3.481,1.871,6,5
G_01_75,hurry,5.296,3.233,7,5
E_01_2,hurt,4.886,1.308,7,5
D_01_082,husband,5.000,1.278,6,2
F_03_24,hypocrite,4.308,1.576,2,5
F_01_102,I_love_you,6.889,3.848,7,2
G_03_20,ice,4.667,2.000,6,2
A_02_013,icecream,4.741,4.552,6,2
D_01_085,idea,5.111,5.400,6,2
H_03_71,identity,4.500,1.500,0,3
G_03_17,if,5.926,1.450,5,2
D_03_069,ignore,4.731,2.696,7,2
B_03_018,imagine,4.600,3.800,7,5
K_03_020,IMAGINE_2,0,0,0,0
G_01_82,immature,4.667,2.103,2,2
E_02_32,immerse,2.800,2.333,7,2
D_02_051,impact,4.815,4.800,7,3
B_01_081,important,5.840,1.963,2,5
B_01_032,impossible,4.542,2.296,2,3
F_02_32,impress,5.593,2.633,7,3
H_02_3,improve,5.107,2.087,0,2
E_03_62,in,4.867,5.900,5,3
H_01_56,inch,1.385,2.000,0,1
J_03_080,incredible,3.286,2.091,0,5
J_03_040,independent,4.793,2.364,0,5
C_03_009,indian,3.138,2.167,2,2
J_02_032,inept,3.741,1.583,0,1
H_02_57,infection,4.500,1.261,0,2
H_02_31,influence,4.571,2.130,0,3
J_03_048,inhale,3.536,4.955,0,2
D_03_009,inject,2.654,6.333,7,2
G_02_62,innocent,4.667,1.594,2,5
H_01_47,inside,5.536,5.407,0,1
G_02_51,inspire,4.815,3.788,7,5
F_01_95,inspiring,4.481,4.273,2,2
H_03_83,instagram,3.625,1.292,0,2
H_01_79,instead,5.107,2.519,0,5
J_02_047,institute,4.833,1.792,0,1
A_03_006,insult,4.400,2.714,7,2
D_02_030,insurance,4.926,1.065,6,2
H_02_80,intelligent,4.222,3.783,0,2
G_02_40,intentional,4.889,2.344,2,2
B_03_038,interest,4.920,1.900,6,5
F_02_14,interested_2,5.630,1.581,2,5
C_02_032,internet,6.167,1.407,6,5
J_02_009,interpret,4.933,1.917,0,5
D_02_066,interpreter,6.148,1.419,6,1
J_01_109,intervene,4.700,2.920,0,1
H_02_54,interview,4.357,2.870,0,5
D_01_076,introduce,4.519,2.595,7,5
F_01_6,intuitive,5.111,2.656,2,2
F_03_45,invest,3.889,1.969,7,3
G_03_78,invisible,3.080,1.600,2,5
C_02_007,invite,4.367,3.111,7,2
K_01_021,IPHONE,0,0,0,0
D_01_063,iron,2.423,5.657,6,3
K_02_106,IRON_2,0,0,0,0
K_03_040,IRON_3,0,0,0,0
A_01_025,island,3.161,1.718,6,3
F_02_33,isolated,5.333,2.207,2,2
B_02_018,israel,2.320,1.033,6,2
D_02_074,italy,2.920,1.733,4,2
J_01_068,itch,3.143,6.480,0,2
C_02_008,jacket,4.133,5.222,6,5
K_01_116,JACKET_2,0,0,0,0
K_02_079,JACKET_3,0,0,0,0
K_03_053,JACKET_4,0,0,0,0
D_01_046,japan,2.565,1.114,4,5
G_01_76,jar,3.296,6.033,6,3
J_02_014,jaw_drop,4.333,3.750,0,2
C_03_051,jealous,3.433,1.444,2,2
C_02_040,jelly,2.391,1.815,6,3
G_03_49,jellyfish,1.958,4.682,6,2
H_03_40,jewelry,2.000,4.250,0,5
C_03_032,jewish,3.267,1.889,2,2
C_02_084,jigsaw_puzzle,3.000,1.741,6,5
G_03_39,join,4.852,2.700,7,3
G_03_86,joke,4.962,1.348,7,1
E_03_37,journey,5.267,2.767,6,2
B_01_058,judge,4.040,2.733,6,5
D_01_037,juggle,1.778,6.371,7,5
E_03_51,juggler,2.867,6.800,6,5
G_03_22,juice_1,2.778,1.600,6,2
G_03_35,juice_2,3.593,1.850,6,2
C_02_089,jump,3.828,5.407,7,3
G_01_19,jump_rope,3.148,6.483,6,5
J_03_082,junior,3.517,1.318,0,1
D_03_079,kangaroo,1.958,5.080,6,5
K_01_037,KANGAROO_2,0,0,0,0
K_02_012,KANGAROO_3,0,0,0,0
H_03_5,keep,5.107,1.667,0,1
B_02_033,key,4.720,5.700,6,3
B_03_070,keyboard,3.950,6.233,6,5
G_03_87,kick,3.808,2.913,7,1
K_03_084,KICK_2,0,0,0,0
C_03_057,kid,5.733,1.314,6,2
D_01_013,kill,3.444,2.556,7,3
H_03_62,kindergarten,4.571,1.250,0,3
C_01_056,king,3.067,2.067,6,2
D_02_014,kiss,5.846,2.935,6,2
E_03_88,kiss_2,3.633,6.375,7,2
K_01_005,KISS_3,0,0,0,0
J_03_038,kiss_fist,5.862,1.636,0,2
F_03_18,kiss_on_cheek,4.556,4.750,6,2
A_02_016,kitchen,6.038,1.500,6,3
A_02_030,kite,2.037,4.633,6,3
K_02_117,KITE_2,0,0,0,0
J_01_092,kitten,2.192,2.440,0,2
C_03_021,kneel,2.533,4.111,7,3
B_02_011,knife,4.280,3.067,6,1
K_03_043,KNIFE_2,0,0,0,0
H_01_54,knight,1.188,4.643,0,2
K_01_053,KNIGHT_2,0,0,0,0
K_02_034,KNIGHT_3,0,0,0,0
K_03_026,KNIGHT_4_subj1545D,0,0,0,0
K_01_087,KNIGHT_5_subj0646D,0,0,0,0
D_03_071,knitting,2.958,4.042,7,5
K_02_025,KNITTING_2,0,0,0,0
K_03_013,KNITTING_3,0,0,0,0
F_01_42,knock,3.296,6.848,7,2
H_03_35,knock_off,2.400,3.833,0,2
C_01_048,know,5.767,4.633,7,2
H_02_64,know_nothing,4.750,3.609,0,2
J_02_105,label,4.600,3.083,0,3
D_03_037,lamp,4.731,3.625,6,2
K_01_004,LAMP_2,0,0,0,0
G_02_66,land,3.192,4.094,6,5
A_01_067,language,5.387,1.579,6,5
C_03_042,laptop,5.793,2.917,6,1
B_01_038,last,4.875,1.519,1,1
H_01_98,last_week,5.714,2.429,0,3
C_01_013,late,5.067,1.700,2,2
D_01_077,later,5.333,2.750,3,2
C_03_028,laugh,5.267,4.750,7,5
F_03_78,law,5.074,2.000,6,3
B_03_064,lawnmower,3.080,3.800,6,5
A_03_007,lawyer,3.840,1.476,6,3
J_02_004,lay_down,3.533,3.833,0,3
A_02_050,lazy,5.407,1.567,2,2
J_01_046,lead,5.000,2.080,0,3
D_02_083,leaf,2.680,1.419,6,1
K_02_073,LEAF_2,0,0,0,0
H_01_92,league,3.357,1.708,0,5
F_02_38,leak,4.000,3.933,7,1
B_01_042,learn,6.200,3.259,7,3
E_02_41,learn_lesson,4.344,3.310,7,2
G_02_8,leather,2.333,1.719,6,2
B_02_084,leave,4.320,2.467,7,5
H_03_105,leave_alone,3.560,2.375,0,5
C_03_048,lecture,4.733,1.833,6,2
J_03_103,left,4.464,5.000,0,2
A_01_069,lemon,4.452,1.514,6,2
K_03_017,LEMON_2,0,0,0,0
J_01_088,lend,3.333,3.040,0,5
H_01_57,lesbian,4.143,2.625,0,2
E_02_43,less,4.438,4.433,2,3
D_03_083,lesson,4.038,3.323,6,3
F_02_34,let_go,5.259,4.600,7,5
D_02_028,let_know,5.296,2.226,7,5
E_01_92,let_me_see,6.486,3.923,7,2
C_01_031,letter,4.567,1.800,6,2
A_01_083,lettuce,4.484,1.444,6,2
A_02_041,library,4.963,1.448,6,2
K_02_125,LICENSE,0,0,0,0
E_02_21,lick_1,2.043,3.387,7,3
F_02_90,lick_2,3.538,2.967,7,2
K_01_035,LICK_ENVELOPE,0,0,0,0
K_02_028,LICK_ENVELOPE_2,0,0,0,0
B_03_012,lie,4.917,1.433,7,2
G_02_82,lift,3.654,5.906,7,5
K_03_029,LIFT_2,0,0,0,0
K_01_102,LIGHT_2,0,0,0,0
K_02_116,LIGHT_CANDLE,0,0,0,0
C_01_012,light_weight,3.867,2.667,2,5
D_02_025,lighter,3.481,6.710,6,2
D_02_069,lightning,3.038,4.867,6,2
E_03_66,lights_on,4.667,3.419,7,5
F_03_63,like,6.222,3.563,7,2
G_01_3,limited,5.370,3.000,2,5
C_02_069,line,3.733,5.630,6,5
H_01_4,linguistics,3.926,1.583,0,5
A_03_012,lion,3.320,3.810,6,2
E_03_47,lipreading,4.567,4.733,7,2
G_02_43,lips,3.593,6.438,6,2
B_02_046,lipstick,3.720,5.967,6,2
D_01_041,list,4.852,4.889,6,3
K_01_117,LISTEN,0,0,0,0
B_03_046,live_1,4.440,1.733,7,5
B_03_061,live_2,5.440,2.000,7,5
F_02_16,living_room,3.778,1.452,6,2
H_01_55,load,2.900,3.917,0,5
K_02_003,LOAD_2,0,0,0,0
D_01_072,lobster,2.923,4.833,6,5
K_03_039,LOBSTER_2,0,0,0,0
K_01_051,LOBSTER_3,0,0,0,0
D_01_078,lock,4.778,3.257,6,1
H_02_17,lock_2,4.179,6.826,0,3
K_02_067,LOCK_3,0,0,0,0
K_01_126,LOCKER,0,0,0,0
E_02_95,lollipop,3.281,4.806,6,2
B_03_078,lonely,3.720,1.867,2,2
G_01_59,long,5.963,2.467,2,2
J_01_026,long_ago,5.500,2.240,0,2
D_01_038,long_line,4.593,4.400,6,5
J_03_013,long_time,5.138,2.000,0,2
H_02_47,long_word,4.143,4.087,0,5
B_02_068,look_appearance,4.680,5.633,7,2
B_01_041,look_at,5.080,5.185,7,2
F_02_98,look_away,4.192,1.871,7,2
J_01_094,look_back,4.833,3.240,0,2
B_03_045,look_for,5.520,3.400,7,2
F_02_22,look_forward,5.259,3.800,7,5
G_03_29,look_like,5.444,3.650,7,2
D_03_064,lose,4.077,1.478,7,3
C_02_009,lose_game,3.867,2.074,7,3
J_01_017,lost,4.828,2.000,0,5
D_02_007,loud,3.808,3.226,3,5
F_01_74,lousy,5.333,2.125,2,2
G_01_68,love,6.556,5.967,7,5
D_03_017,loyal,3.038,2.720,2,2
H_03_9,luck,2.692,1.583,0,2
D_02_008,lucky,4.704,1.290,2,2
F_01_76,lunch_1,5.593,2.313,6,2
G_02_81,lunch_2,4.778,2.531,6,2
G_01_26,lungs,3.423,4.931,6,5
A_03_078,machine,4.720,1.333,6,5
F_01_84,mad,5.593,4.000,2,2
A_02_076,magazine,4.519,1.300,6,3
D_03_018,magic,2.538,3.652,6,5
C_03_003,magnet,2.250,3.857,6,5
K_03_066,MAGNET_2,0,0,0,0
K_01_026,MAGNET_3,0,0,0,0
K_02_009,MAGNET_4,0,0,0,0
G_01_73,magnify,3.000,5.600,7,2
K_03_089,MAGNIFY_2,0,0,0,0
G_01_44,maid,3.478,1.679,6,2
D_02_019,mail,4.815,2.767,6,2
K_01_112,MAIL_2,0,0,0,0
F_02_82,mailman,3.444,1.226,6,2
J_03_037,mainstream,4.310,2.227,0,5
J_01_057,major,3.900,1.320,0,1
C_01_032,make,5.567,2.867,7,5
J_02_097,make_believe,5.300,2.708,0,2
G_03_71,makeup,5.231,2.400,7,2
C_01_040,man,5.750,1.833,6,2
J_01_023,manage,3.679,1.920,0,5
D_03_065,many,5.423,3.783,5,5
H_03_64,maple,1.833,1.250,0,2
J_01_013,march,2.828,2.400,0,5
F_03_73,marionette,1.913,5.875,6,5
F_02_7,marry,3.333,4.258,7,5
D_01_071,mascara,2.769,5.667,6,2
H_01_100,massage,3.185,5.280,0,5
D_01_050,match,4.111,3.571,7,5
A_03_027,math,5.320,1.476,6,5
B_03_022,maybe,6.040,5.867,3,5
C_01_035,mcdonalds_2,2.259,5.267,4,2
B_01_068,me,6.760,7.000,5,2
K_03_048,mea_culpa,0,0,0,0
B_02_069,mean_1,4.400,1.367,2,5
C_01_046,mean_2,5.000,1.300,7,4
J_02_83,mean_3(cruel),2.818,2.708,0,2
C_02_037,measure,3.179,1.889,6,1
K_02_054,MEASURE_2,0,0,0,0
D_02_022,meat,2.474,1.548,6,3
F_03_21,meat_2,4.960,2.097,6,3
A_03_030,mechanic_1,3.680,2.429,6,3
D_01_066,mechanic_2,2.741,5.270,6,3
C_03_040,medicine,4.900,1.771,6,3
J_01_037,meditate,4.033,5.440,0,5
K_03_061,MEDITATE_2,0,0,0,0
K_01_033,MEDITATE_3,0,0,0,0
D_02_018,meet,5.423,5.452,7,5
C_03_082,meeting,5.621,2.889,6,5
G_03_102,megaphone,2.800,5.217,6,5
G_03_25,melon,3.704,1.750,6,3
F_01_50,melt,4.481,3.061,7,5
F_02_46,member,4.963,2.065,6,2
G_03_81,memorize,0.000,3.250,7,2
E_03_10,memorize_memorize,4.300,4.156,7,2
J_03_012,mention(altvar),3.333,2.182,0,2
J_03_008,mess,5.000,1.682,0,5
D_02_037,metal,3.593,1.097,6,2
D_02_059,metaphor,2.167,1.586,6,3
H_03_91,mexican,1.643,1.500,0,2
J_02_045,mexican_1,4.333,1.375,0,2
F_02_96,microphone,2.630,6.677,6,2
A_03_076,microscope,1.667,5.714,6,5
F_02_53,microscope_2,2.038,5.806,6,1
K_02_008,MICROSCOPE_3,0,0,0,0
A_02_043,microwave,3.778,1.867,6,5
H_01_39,middle,4.857,3.286,0,3
A_01_051,milk,6.233,4.211,6,2
K_03_070,MILK_2,0,0,0,0
D_03_019,mime,2.048,2.087,6,5
B_01_046,mind,4.583,6.481,6,2
J_01_034,mind_turned,4.133,3.280,0,2
K_01_030,MINE,0,0,0,0
J_03_077,MINIMUM,0.000,1.955,0,1
B_01_074,minute,4.792,2.593,6,3
A_03_034,mirror,4.880,6.429,6,2
E_02_35,mischievous,4.188,2.733,2,5
G_02_49,miss,5.423,2.875,7,2
E_02_17,missing,4.938,2.000,7,3
C_03_027,misunderstand,4.533,2.889,7,2
H_02_10,mix,4.679,5.739,0,5
K_02_098,MIX_2,0,0,0,0
K_03_118,MIX_3,0,0,0,0
C_01_015,mock,2.800,1.700,7,2
H_02_89,model_1(fashion),3.071,2.565,0,2
J_02_005,model_2,3.167,1.625,0,3
H_03_42,model_3,2.100,1.542,0,5
C_03_070,monday,5.690,1.029,4,2
C_01_042,money,6.033,3.233,6,3
K_01_104,MONEY_2,0,0,0,0
A_01_016,monkey,2.619,5.880,6,5
F_03_14,monster,2.773,6.545,6,5
A_01_073,month,6.097,1.378,6,1
A_01_036,moon,4.323,2.833,6,2
G_02_100,moose,3.346,5.581,6,5
A_02_090,mop,3.615,4.640,6,5
K_02_064,MOP_2,0,0,0,0
B_03_032,more,6.458,1.767,5,5
C_02_012,morning,6.100,2.444,6,2
H_03_53,mosquito_1,2.250,4.000,0,3
E_01_85,most,5.657,1.923,5,1
B_02_008,mother,6.600,1.200,6,2
E_02_47,motivation_1,4.813,2.300,6,5
G_03_37,motivation_2,5.037,2.750,7,5
D_01_011,motorcycle,3.704,5.472,6,1
A_01_055,mountain,4.226,2.526,6,1
K_03_108,MOUNTAIN_2,0,0,0,0
A_03_009,mouse,3.360,2.952,6,2
C_02_087,mouth,3.233,6.370,6,2
D_03_090,move,5.000,5.217,7,5
G_01_53,move_down,1.733,5.276,7,5
D_01_026,movie,5.370,1.543,6,1
B_03_077,movies,5.400,1.667,6,1
B_01_061,much,5.320,4.889,5,5
G_03_77,mummy,4.154,4.600,6,5
F_02_77,murder,3.846,3.065,7,3
G_01_95,muscle,4.148,4.600,6,2
C_01_024,museum,2.517,2.065,6,5
E_02_89,mushroom,4.125,3.613,6,3
A_01_080,music,4.133,1.657,6,2
F_02_4,must,6.407,3.355,7,2
B_01_021,mustache,2.261,6.846,6,5
C_01_060,my,6.310,6.133,5,2
D_03_024,myself,5.154,6.500,5,2
G_03_10,nail,3.556,6.250,7,3
E_01_77,nail_clipper,3.914,6.840,7,3
H_01_87,naked,4.643,1.583,0,3
D_01_021,name,5.926,1.257,6,1
A_03_019,napkin,4.130,4.857,6,2
E_03_7,navel,2.000,6.281,6,2
H_03_49,navy,2.619,1.792,0,5
G_01_14,near,5.333,3.567,5,1
F_02_81,neck_1,3.667,6.742,6,2
A_02_072,necklace,3.074,5.600,6,5
K_01_071,NECKLACE_2,0,0,0,0
K_02_080,NECKLACE_3,0,0,0,0
K_03_090,NECKLACE_4,0,0,0,0
C_02_034,need,5.400,2.000,7,2
H_02_77,needle,2.750,4.609,0,2
J_01_008,negative,4.933,2.200,0,3
A_01_005,nephew,2.621,1.108,6,2
G_02_45,nerve,3.926,2.031,2,2
G_02_21,net,2.375,2.750,6,5
J_02_075,network,4.933,2.542,0,5
A_03_021,neutral,4.167,2.571,2,2
C_02_079,never,4.800,2.000,3,2
B_02_070,new,5.600,1.167,2,3
B_01_034,new_york,3.680,1.000,6,3
H_01_78,news_to_me,5.040,1.920,0,5
D_02_053,newspaper,4.037,1.633,6,3
E_03_80,next,4.900,5.600,5,1
J_03_101,next_down,2.448,2.182,0,3
F_03_8,next_to,4.704,5.382,5,1
J_03_083,next_year,5.414,2.000,0,1
G_03_59,nice,5.692,2.476,2,1
E_01_80,niece,1.808,1.040,6,2
A_01_003,night,6.032,1.919,6,1
E_03_8,nine,5.067,1.719,1,2
C_03_041,No,6.433,1.314,5,2
H_03_44,no_big_deal,5.107,4.417,0,5
E_02_031,noise,4.531,4.033,6,5
J_02_046,none,3.167,1.917,0,3
G_03_2,noon_1,4.296,2.050,6,2
G_02_14,noon_2,5.308,4.188,6,2
G_02_76,noose,2.320,6.125,6,2
F_02_36,normal,5.556,1.567,2,3
C_01_080,north,4.800,1.267,6,2
G_03_75,nose,4.154,6.900,6,2
K_01_092,NOSE_BLEED,0,0,0,0
E_01_100,not,5.600,2.192,5,2
J_02_088,not_a_thing,4.800,2.083,0,2
D_03_044,not_care,5.423,4.400,5,2
E_01_82,not_interested,5.941,2.600,7,2
G_01_60,not_mind,4.778,2.667,7,2
G_01_49,not_understand,5.074,3.276,7,5
F_03_100,not_used_to,3.519,2.875,3,5
D_01_044,not_yet,5.519,1.857,3,2
B_01_079,nothing,6.320,3.037,6,5
E_02_65,nothing_2,5.719,3.033,5,5
J_03_032,nothing_at_all,4.393,2.773,0,5
C_03_062,now,5.800,1.722,3,5
C_02_051,numbers,5.700,1.111,6,5
C_03_065,nurse,4.000,2.257,6,2
D_02_073,nut,4.259,1.667,6,2
K_02_066,NUT_2,0,0,0,0
J_03_002,obsess,4.448,1.636,0,2
E_03_56,obvious,5.000,3.069,2,5
G_03_76,ocean,4.346,3.700,6,5
F_03_7,octopus,2.720,4.879,6,3
E_01_27,off,5.200,3.385,5,2
D_01_025,off_the_point,4.889,3.250,3,3
D_03_039,offend,4.692,2.680,7,2
E_01_72,offhand,5.486,1.920,3,2
A_01_063,office,5.333,1.676,6,5
J_02_106,often,5.133,2.000,0,3
E_01_38,oh_I_see,6.771,3.960,7,2
H_02_78,oil,1.458,2.348,0,3
K_03_068,OIL_2,0,0,0,0
K_01_077,OIL_3,0,0,0,0
F_03_80,ok,6.519,4.290,5,2
D_01_007,old,5.038,2.371,2,2
H_03_24,oldest,5.000,1.500,0,2
E_03_4,on,5.233,3.394,5,1
J_02_059,once,5.133,4.167,0,3
F_03_12,one,6.148,6.970,6,2
H_03_41,one_more_1,4.964,3.083,0,3
J_01_066,one_more_2,4.833,3.560,0,2
H_02_43,one_year_ago,4.821,2.565,0,3
A_03_038,onion,5.280,4.286,6,2
H_01_13,ooh,5.286,3.074,0,2
D_03_056,oops,3.769,5.565,5,2
G_03_88,open,5.000,5.604,7,5
E_02_22,open_book,4.844,6.200,7,5
E_03_2,open_wallet,2.862,4.472,7,5
G_02_26,operate_machine,4.593,2.219,7,1
J_01_108,opinion_1(shake),5.033,2.560,0,2
H_03_101,opinion_2,3.652,2.667,0,2
J_02_090,opportunity,4.933,1.917,0,5
F_01_92,option,5.593,2.636,6,3
F_03_81,or_1,4.185,0,5,6
C_03_024,oral,4.300,4.429,2,2
A_02_020,orange,4.962,1.600,6,2
E_03_87,orange_eyes,4.821,4.438,6,5
F_02_39,orange_throat,4.731,2.933,6,2
C_02_064,order_1,4.600,4.444,6,5
C_03_036,order_2,4.467,1.750,6,2
J_03_033,organization,4.414,1.682,0,5
F_03_98,ostrich,2.053,3.313,6,3
B_02_043,other,5.500,2.367,2,2
G_02_67,our,5.815,2.188,5,2
E_02_66,out,4.813,4.517,5,3
E_03_71,outside,5.367,1.742,5,2
F_03_79,over_1,5.074,0,5,1
G_01_66,overlook,5.593,3.333,7,2
J_01_076,overnight,5.033,2.320,0,1
J_02_007,overtake,3.567,2.917,0,3
G_03_64,overwhelmed,4.769,4.100,2,5
C_01_089,owe,4.600,3.700,7,3
D_01_087,owl,2.731,4.167,6,5
D_03_046,own,4.640,3.917,7,5
J_03_069,pacifier,5.897,4.682,0,2
H_02_60,pack,4.929,4.478,0,5
G_01_70,page,4.556,2.448,6,3
H_02_100,pageant,2.538,5.043,0,2
C_03_033,pain,4.500,1.429,6,5
D_01_048,paint,4.074,5.189,7,1
A_02_079,paintbrush,2.963,4.100,6,3
H_03_31,pair,4.643,3.958,0,1
G_03_68,pancake,4.577,3.850,6,1
A_01_058,pants,3.677,4.421,6,5
K_02_104,PANTS_2,0,0,0,0
A_01_026,paper,6.484,3.051,6,1
A_03_082,papercutter,2.560,4.857,6,1
A_01_021,parachute,1.548,5.829,7,4
K_03_005,PARACHUTE_2,0,0,0,0
K_01_059,PARACHUTE_3,0,0,0,0
B_02_039,parade,2.680,1.700,6,5
E_02_90,paragraph,3.484,1.833,6,3
H_03_67,parallel,3.607,4.833,0,1
J_02_021,paranoid,4.500,3.875,0,5
B_03_044,parents,6.560,1.333,6,2
E_03_28,park,5.200,1.645,7,3
F_02_1,party_1,5.333,2.806,6,5
G_02_59,party_2,4.720,4.281,6,5
H_03_33,pass,3.833,2.542,0,1
G_02_2,pass_out,4.778,2.063,7,2
E_01_103,passport,2.939,2.520,6,3
C_01_049,past,4.276,3.567,5,2
B_01_060,patient_1,3.625,1.185,6,2
B_01_085,patient_2,5.560,1.423,2,2
D_02_056,patient_3,4.889,1.733,2,2
F_01_82,pay,5.038,2.594,7,3
F_03_36,pay_off_bills,3.333,2.606,7,3
B_01_089,peace,3.600,2.481,6,5
A_01_070,peach,3.581,2.189,6,2
K_02_087,PEACH_2,0,0,0,0
G_02_88,peacock,2.417,4.063,6,3
E_02_77,peanut_butter,4.438,1.700,6,2
F_02_6,pear,2.400,1.194,6,3
F_01_17,peas_1,1.150,1.939,6,3
F_02_52,peas_2,2.600,2.903,6,3
K_03_010,PECK,0,0,0,0
E_02_26,peekaboo,2.548,6.759,6,5
H_03_52,peel,2.760,3.958,0,3
K_01_052,PEEL_2,0,0,0,0
K_02_103,PEEL_3,0,0,0,0
D_02_006,peg,1.192,3.300,7,4
K_03_083,PEG_2,0,0,0,0
K_01_103,PEG_3,0,0,0,0
E_02_97,pen,5.500,5.806,6,3
A_02_053,pencil,4.296,3.967,6,2
F_01_88,penguin,2.889,6.242,6,5
F_03_95,penis,3.963,1.333,6,2
D_01_049,penny,2.808,1.162,6,2
C_01_009,people,6.000,2.100,6,5
A_02_085,pepper,3.000,3.167,6,2
C_01_021,pepsi,2.500,1.433,4,2
J_02_063,perceive,3.900,3.167,0,5
C_02_082,percent,3.483,2.407,6,2
D_01_008,perfect,3.654,2.100,2,5
A_02_073,perfume,2.556,2.533,6,2
F_01_46,perfume_2,3.222,6.667,7,2
J_02_107,period(that'sit),3.833,3.542,0,2
G_03_93,permission,4.769,2.167,6,5
E_01_78,persistent,5.200,2.840,2,5
B_01_066,person,4.840,1.370,6,5
H_01_6,perspective,4.821,2.393,0,3
G_01_91,persuade,3.423,1.586,6,5
F_01_63,pet,3.630,4.909,7,3
K_02_085,PET_2,0,0,0,0
E_01_51,pharmacist,2.061,1.240,6,3
H_02_23,philadelphia,3.370,1.261,0,2
H_03_95,philosophy_2,3.316,1.833,0,2
J_01_038,photography,4.667,4.920,0,5
E_03_14,physics,3.067,1.788,6,5
A_03_029,piano,2.160,6.381,6,5
K_03_071,PICK_2,0,0,0,0
H_03_98,pickle_1,3.786,1.542,0,2
E_03_40,picnic_1,2.923,1.300,6,5
A_02_042,picture,6.259,2.167,6,2
A_01_074,pie,3.581,4.514,6,3
A_02_032,pig,3.885,1.467,6,2
B_02_077,pile,3.417,5.200,6,5
B_01_050,pill,3.880,3.370,6,2
A_02_019,pillow,2.593,5.000,6,5
K_01_097,PILLOW_2,0,0,0,0
K_02_049,PILLOW_3,0,0,0,0
G_02_96,pin_on,2.667,5.581,7,2
H_01_95,pinch,2.893,5.840,0,2
K_03_112,PINCH_2,0,0,0,0
C_02_088,pineapple,2.000,0,6,3
K_01_056,PINEAPPLE_2,0,0,0,0
K_02_011,PINEAPPLE_3,0,0,0,0
K_03_076,PINEAPPLE_4,0,0,0,0
K_01_084,PINEAPPLE_5,0,0,0,0
C_01_074,pink,4.467,1.233,2,2
B_03_027,pipe,1.909,4.267,6,2
K_02_018,PIPE_2,0,0,0,0
K_03_113,PIPE_3,0,0,0,0
K_01_011,PIPE_4,0,0,0,0
A_03_058,pirate,2.720,5.333,6,2
H_03_56,pissed_off,5.286,3.542,0,2
G_01_28,pitcher,2.185,2.621,6,2
C_03_022,pity,4.133,1.472,6,5
G_01_13,pizza_1,4.250,1.667,6,5
E_02_85,pizza_2,5.188,1.733,6,2
E_02_84,pizza_cutter,1.875,4.690,6,5
E_03_102,pjs,3.500,1.563,6,2
G_01_29,place,5.778,2.107,6,5
H_01_41,place_2(y),1.444,2.185,0,5
E_03_79,plain,3.900,2.645,2,2
E_03_34,plan,5.633,2.000,7,5
F_01_19,planet,4.222,1.424,6,3
E_01_29,plant,4.829,3.000,6,3
F_02_60,plate,4.889,2.774,6,5
E_03_70,platform,3.933,5.719,6,5
C_01_066,play,5.967,2.400,7,5
G_03_62,players,4.731,2.095,6,5
A_02_029,playground,3.778,1.600,6,5
B_02_007,please,6.160,2.667,3,2
E_01_14,plenty,4.371,2.577,2,3
D_01_032,pliers,3.040,4.486,6,2
H_02_58,plow,0.000,4.435,0,5
K_02_089,PLOW_2,0,0,0,0
E_01_22,plug_1,4.485,2.200,6,3
K_01_063,PLUG_2,0,0,0,0
G_03_28,plummet,3.808,5.350,7,3
A_01_087,plunger,2.727,5.750,6,5
J_03_045,plus,4.517,6.591,0,1
D_01_075,point,3.577,4.486,6,3
K_02_083,point_index,0,0,0,0
H_02_14,pole,0.000,5.435,0,1
A_01_052,policeman,4.258,4.211,6,2
K_03_104,POLICEMAN_2,0,0,0,0
J_03_063,policy,4.000,1.227,0,3
J_01_086,polish,2.310,5.000,0,3
H_01_43,ponder,0.000,3.875,0,5
D_02_010,pool,2.038,5.194,6,3
H_03_72,poop,5.286,3.833,0,1
C_02_011,poor,3.833,1.704,2,2
D_03_023,pop,1.696,4.125,7,3
K_01_049,POP_2,0,0,0,0
K_02_115,POP_3,0,0,0,0
K_03_031,POP_4,0,0,0,0
A_02_080,popcorn,3.778,3.000,6,5
G_02_77,pope,2.000,4.882,6,5
J_01_016,popular,5.200,1.480,0,3
G_01_33,porcupine,1.444,2.929,6,3
J_02_050,positive,5.233,4.917,0,1
B_02_005,possible,4.792,1.700,2,5
H_03_79,possum,3.536,2.125,0,1
H_01_12,postpone,5.107,2.321,0,1
A_03_050,potato,4.800,1.143,6,3
F_02_63,pour,3.333,6.500,7,2
K_01_094,POUR_2,0,0,0,0
H_01_26,powder,3.536,6.250,0,2
C_03_069,power,3.966,2.139,6,2
F_03_2,practice,5.519,2.121,7,3
C_03_090,prayer,3.500,6.833,6,5
D_01_019,preacher,2.630,1.147,6,2
H_02_71,precious,5.071,1.542,0,2
F_01_58,predict,4.963,1.727,7,3
B_01_078,prefer,3.520,1.577,7,2
H_01_31,pregnant,3.821,5.370,0,5
D_02_016,president,4.462,1.355,6,5
H_03_6,"press(click,poke,push)",3.417,5.417,0,3
E_02_82,press_in_mind,4.844,3.600,7,2
D_03_062,pretend,3.192,1.667,7,2
C_01_022,pretty,5.533,3.933,3,2
C_02_004,price,4.033,2.037,6,3
A_01_081,pride,5.419,2.571,6,2
D_03_026,priest,2.538,2.391,6,2
E_01_3,prince,1.741,2.269,6,2
H_01_30,principal,4.214,1.583,0,3
B_01_045,print,4.920,2.815,6,3
J_01_074,priority,4.867,1.720,0,3
A_01_090,prison,3.500,3.324,6,5
C_03_010,problem_1,5.033,1.750,6,5
B_03_047,problem_2,5.542,2.033,6,5
E_03_55,process,4.267,3.933,7,5
J_03_051,produce_sign,4.370,1.909,0,5
H_02_16,profoundly_deaf,4.357,4.542,0,2
G_02_84,program,5.259,0,6,3
J_01_054,project,4.700,1.400,0,3
A_01_071,promise,4.839,3.595,7,2
D_01_061,promote,3.462,3.694,7,5
E_02_19,proof,4.719,2.966,6,1
F_01_38,propeller_1,2.292,3.091,6,3
E_01_23,propeller_2,2.130,2.654,6,5
H_02_26,"propose(proposal,offer,submit,suggest)",4.929,4.542,0,5
C_03_037,protection,3.533,3.500,6,5
H_03_26,protest,3.857,3.542,0,2
H_01_45,provide,5.071,3.500,0,5
J_01_106,proximalization,1.417,2.120,0,2
A_03_010,psychologist,3.800,1.286,6,3
F_02_74,psychology,4.630,1.267,6,3
H_02_29,public,4.607,2.875,0,5
D_02_062,pull,3.778,6.645,7,5
G_03_69,pull_convince,4.077,1.650,7,5
H_02_56,pumpkin,2.929,1.125,0,3
J_01_051,punch_face,2.724,6.600,0,2
C_02_041,punish,3.800,2.667,7,2
B_02_067,purple,4.920,1.033,2,2
D_02_077,push,3.556,7.000,7,5
F_03_46,put,5.074,3.906,7,5
G_02_7,put_aside,4.519,6.313,7,5
E_01_76,put_in_back_mind,5.257,5.840,7,2
B_01_012,puzzled,4.920,3.593,2,2
F_03_74,Q_tip,3.074,5.719,6,2
J_02_011,qm,4.867,2.167,0,2
J_02_095,quality,4.233,1.667,0,2
H_02_49,quarter,1.900,1.292,0,2
A_03_055,queen,3.440,2.667,6,2
C_01_037,quiet,5.300,3.067,2,5
F_01_79,quit,4.778,2.125,7,3
C_02_024,rabbit,2.724,4.296,6,5
K_03_119,RABBIT_2,0,0,0,0
H_02_82,raccoon_1,3.000,4.625,0,5
F_02_75,race,5.296,3.000,7,5
K_02_121,RACECAR_TRACK,0,0,0,0
A_01_075,radio,2.581,3.595,6,2
E_03_89,rafting,1.900,3.688,7,2
A_03_061,rain,5.760,5.429,6,5
F_03_1,rainbow,4.037,5.344,6,2
E_03_19,raisin,1.895,1.313,6,2
D_03_021,rake,2.231,5.880,7,3
H_01_101,range,2.667,2.417,0,1
D_02_081,rat,2.630,1.500,6,2
A_01_089,razor,3.833,5.588,6,2
K_03_103,RAZOR_2,0,0,0,0
K_01_107,REACH,0,0,0,0
H_03_65,react,4.036,1.833,0,5
A_01_022,read,6.387,4.571,7,3
F_03_42,ready,6.370,1.939,2,5
G_01_71,real_sick,4.741,1.586,7,5
B_02_021,really,5.800,2.067,3,2
H_02_79,really_into,4.036,1.542,0,2
C_01_076,reason,5.433,2.867,6,2
H_03_90,recent_1,5.357,1.667,0,2
J_02_056,recent_2(tap),4.893,1.333,0,2
J_02_078,recite,3.852,3.042,0,2
G_01_24,record,3.000,3.250,7,5
B_03_089,recording,2.840,2.267,7,5
C_02_090,red,5.069,1.037,2,2
F_03_30,red_faced,3.889,2.091,2,2
E_01_42,reduce,4.914,5.000,7,1
E_03_36,reflect,5.300,3.167,7,2
G_01_1,refrigerator,1.913,3.400,6,5
H_01_62,refuse,5.750,2.857,0,2
F_01_21,register,5.222,1.969,7,3
J_01_067,regular,5.200,1.640,0,1
B_01_023,relationship,4.960,3.259,6,1
D_03_081,relax,4.885,3.480,7,5
K_02_032,RELAX_2,0,0,0,0
E_03_59,release(sameasFREEDOM),4.567,3.700,7,5
H_01_63,relief,5.500,3.630,0,5
B_03_029,religion,4.333,1.267,6,2
C_02_014,remember,5.700,1.370,7,2
H_03_38,remember_2,4.000,5.083,0,2
J_02_103,remind,4.900,1.958,0,3
B_03_004,remote_control,4.840,6.000,6,2
J_02_092,remove,4.467,4.125,0,3
J_03_007,replace,4.207,3.000,0,5
E_01_24,request,4.714,4.077,7,5
C_01_078,requirement,4.966,1.667,6,4
H_02_67,rescue,4.571,1.750,0,5
B_03_084,research,4.160,2.310,6,3
J_03_039,resent,5.241,2.000,0,2
J_01_084,resign(sameas'getoff'),4.000,2.960,0,3
G_03_30,resist,0.000,3.800,7,2
J_01_029,respect,5.500,2.480,0,5
B_01_018,responsibility,5.720,3.548,6,5
B_01_031,rest,5.375,3.963,7,5
J_03_043,rest_all_day,1.857,1.591,0,2
D_02_045,restaurant,5.889,1.290,6,2
E_03_3,restless,4.400,2.176,2,3
J_01_039,result,4.517,1.560,0,3
J_03_084,retire,3.815,1.273,0,5
H_02_28,retrieve,3.786,3.583,0,5
D_03_088,revenge,2.560,1.792,6,2
D_03_016,rhino,1.917,4.783,6,2
K_03_116,RHINO_2,0,0,0,0
K_01_088,RHINO_3,0,0,0,0
K_01_122,RIBBON_AWARD,0,0,0,0
F_03_103,rich,4.231,2.938,2,3
F_03_23,ride,4.963,3.636,7,3
J_03_026,ride_2(vb),3.724,4.409,0,3
C_01_065,right_1,6.000,2.567,2,5
C_01_070,right_2,4.862,3.533,5,2
J_03_095,right_3(legal),5.276,1.636,0,1
A_03_053,ring,3.174,6.857,6,3
F_02_26,risk(take_risk),4.636,1.967,7,5
A_03_035,river,3.200,4.476,6,2
F_02_66,river_2,3.154,3.567,7,5
F_02_83,road,5.000,4.323,6,5
J_03_062,roar,2.429,3.273,0,2
K_02_094,ROAR_2,0,0,0,0
J_02_038,roast,1.667,5.292,0,5
G_02_93,rob,2.808,4.333,7,5
F_01_34,robot,2.926,6.424,6,5
A_01_030,rock,3.700,4.289,6,1
E_01_16,rocket_1,1.886,4.038,6,3
E_02_88,rocket_2,2.063,5.258,7,3
E_03_24,rocking_chair_1,1.926,2.700,6,5
G_01_10,rocking_chair_2,2.520,2.500,6,5
H_03_36,role,4.071,2.667,0,3
E_03_11,roll,3.400,6.594,7,5
H_03_34,roll_up_sleeves,4.036,6.625,0,2
D_02_033,rollerblading,2.111,3.900,6,5
A_02_074,rollerskating,2.074,1.933,6,5
F_01_39,roof,2.769,6.606,6,5
A_01_024,room,5.742,4.154,6,5
H_03_73,roommate,3.857,1.625,0,5
A_03_051,rooster,2.667,4.381,6,2
D_03_012,rope,2.083,3.680,6,1
G_03_24,rose,3.630,1.400,6,2
F_01_28,rough,4.185,2.636,2,3
G_03_47,row,2.500,3.000,7,5
B_01_026,rude,3.750,1.444,2,3
G_02_60,ruin,4.778,2.000,7,1
F_02_91,rule,4.889,1.774,6,3
G_02_86,ruler,4.111,2.258,6,5
B_03_015,run,5.200,1.667,7,4
J_01_100,run_2(fists),3.533,6.280,0,5
K_03_096,RUN_FAUCET,0,0,0,0
G_01_77,run_out_of,5.667,2.200,7,3
E_03_54,rush,4.400,3.400,7,5
D_02_091,RUSSIA,3.111,1.613,4,2
B_02_053,sad,5.240,5.800,2,5
G_01_85,safe,5.037,2.000,2,5
D_01_074,sail,1.652,2.303,7,2
K_01_048,SAIL_2,0,0,0,0
F_02_94,sailboat,2.615,2.903,6,3
A_02_061,salad,4.704,3.667,6,5
B_01_069,salt,4.920,1.037,6,1
E_02_100,salt_shaker,4.688,6.500,6,2
B_02_009,same_1,5.840,3.621,5,2
B_02_013,same_2,3.400,1.767,5,5
J_02_081,same_same,4.833,1.875,0,5
H_02_21,same_time,4.607,1.875,0,5
A_02_004,sandals,4.667,2.133,6,3
A_01_015,sandwich,3.677,2.538,6,3
K_02_086,SANDWICH_2,0,0,0,0
K_03_072,SANDWICH_3,0,0,0,0
K_01_015,SANDWICH_4,0,0,0,0
F_03_19,santa,3.333,3.394,6,5
E_01_5,sarcastic,4.571,1.769,2,5
D_01_028,saturday,5.889,1.000,4,2
F_01_54,sauce,4.259,4.382,6,3
F_03_88,sausage,3.280,4.063,6,5
G_03_61,save,5.154,1.810,7,3
G_02_74,save_money,5.333,2.750,7,1
D_03_060,saw,1.571,5.875,7,2
K_02_007,SAW_2,0,0,0,0
G_03_15,saxophone,1.963,5.450,6,5
C_03_039,scan,4.433,4.032,6,3
F_03_89,scar_memory,4.148,4.500,7,2
B_02_014,scarcely,4.960,1.500,3,5
B_03_079,scared,4.400,4.967,2,5
A_03_013,scarf,2.240,5.905,6,4
K_03_085,SCARF_2,0,0,0,0
K_01_086,SCARF_3,0,0,0,0
K_02_120,SCARF_4,0,0,0,0
A_03_001,schedule,5.920,2.857,6,1
C_03_089,school,6.400,1.194,6,1
A_02_011,science,4.852,1.333,6,5
A_01_020,scientist,3.516,1.410,6,5
A_01_038,scissors,4.548,6.947,6,2
H_01_8,scold,4.250,6.778,0,2
J_03_044,scoop,2.481,6.545,0,3
H_01_60,score,4.536,3.000,0,3
H_02_99,scout,1.524,2.917,0,2
H_02_84,scratch,3.370,5.292,0,3
E_03_27,scream,3.833,4.774,7,2
D_02_023,screwdriver,2.923,5.567,6,3
K_03_041,SCREWDRIVER_2,0,0,0,0
K_01_014,SCREWDRIVER_3,0,0,0,0
H_03_81,script,3.280,3.250,0,3
C_03_084,scroll_down,3.423,5.389,6,2
E_02_86,scrub,4.258,5.933,7,3
J_01_028,sculpt,3.600,3.000,0,3
E_03_45,sculpture,3.767,1.867,6,3
G_01_57,seal,2.375,4.690,6,5
C_03_076,secret,4.200,2.306,6,2
A_03_059,secretary,4.240,1.667,6,2
C_02_030,see,6.333,4.630,7,2
J_03_004,see_see,5.690,4.136,0,2
F_01_43,seem,5.148,1.909,7,2
D_03_087,select,5.038,4.240,7,2
H_01_15,self,3.964,4.107,0,2
J_03_024,sell,4.966,1.682,0,5
G_03_99,senate,3.846,1.739,6,2
E_02_9,send,3.844,3.967,7,2
H_03_97,senior_citizen,4.357,1.500,0,2
J_02_091,sensitive,5.000,1.667,0,2
H_01_25,sentence,4.571,2.680,0,5
E_02_8,sequence,4.161,3.900,6,5
B_01_071,serious,5.125,3.154,2,2
E_02_4,serve,4.531,2.621,7,5
K_02_061,SERVE_2,0,0,0,0
B_03_021,set_up,4.160,3.065,7,3
F_03_87,seven,5.296,2.750,1,2
J_01_099,several,4.393,2.160,0,2
B_02_073,sew,2.480,5.867,7,1
G_01_62,shake_1,1.667,4.966,7,4
F_03_48,shake_2,2.760,5.563,7,5
J_03_105,shakespeare,2.250,1.909,0,2
D_03_008,shame,2.231,2.217,6,5
H_01_66,shame_on_you,3.357,5.542,0,1
D_01_035,shampoo,4.481,4.861,6,5
F_01_5,shape,3.444,4.788,6,5
E_02_101,share,5.688,2.567,7,1
E_03_23,shark_1,3.103,5.226,6,2
E_02_71,shark_2,2.323,4.517,6,1
G_01_55,sharp,3.815,3.000,2,3
H_01_105,sharp_2,3.760,2.333,0,3
H_03_60,SHARPEN,2.500,5.250,0,1
K_03_097,SHARPEN_2,0,0,0,0
K_01_109,SHARPEN_3,0,0,0,0
B_03_017,shave,2.500,6.129,7,2
J_02_018,shave_2(s-hand),2.208,5.375,0,1
H_03_18,shave_3,3.667,6.042,0,2
K_02_043,SHAVE_4,0,0,0,0
K_03_114,SHAVE_5,0,0,0,0
A_02_010,sheep,3.222,1.767,6,2
E_02_60,shelf,3.875,4.600,6,5
E_01_50,shield,4.571,4.120,6,2
D_01_091,shiny,3.259,2.353,2,3
A_01_028,shirt,2.867,5.923,6,2
K_01_108,SHIRT_2,0,0,0,0
D_01_023,shocked,4.037,4.833,2,2
A_02_057,shoes,6.074,1.533,6,5
J_01_024,shoot,3.133,6.520,0,6
K_02_114,SHOOT_2,0,0,0,0
F_01_49,shooting,3.593,6.667,7,5
C_03_075,shop_1,5.067,2.314,7,3
D_03_058,shop_2,6.231,1.500,6,5
H_02_92,short_2,3.821,4.875,0,2
H_01_49,short_distance,5.036,2.520,0,2
J_02_087,short_word,2.263,4.583,0,5
A_01_037,shorts,4.100,3.686,6,5
E_01_13,shot,3.743,4.769,7,2
G_02_79,should,6.111,1.875,7,2
A_02_055,shoulder,3.704,6.700,6,2
K_03_006,SHOULDER_2,0,0,0,0
K_01_078,SHOULDER_3,0,0,0,0
J_03_005,shout,4.034,4.773,0,2
K_02_084,SHOUT_2,0,0,0,0
A_01_088,shovel,3.167,6.314,6,5
K_03_008,SHOVEL_2,0,0,0,0
C_01_050,show,5.333,2.500,7,3
A_02_001,shower,5.593,5.367,6,2
A_01_065,shrimp,3.357,2.351,6,2
G_03_26,shut_out,5.148,4.350,7,5
B_01_040,shy,3.880,2.111,2,2
B_01_072,sick,5.320,3.692,2,5
J_03_055,side,4.000,4.818,0,2
F_01_87,sideburns,1.542,5.667,6,5
E_03_50,sign,5.900,2.333,6,5
D_02_031,sign_language,5.222,2.400,6,5
H_03_94,sign_paper,4.714,2.333,0,3
F_01_69,signature,5.481,2.313,6,3
F_03_69,signing_fluently,5.556,1.839,7,5
B_01_090,silly,5.400,2.741,2,2
D_03_091,silver,2.077,1.167,6,2
D_03_014,since,5.115,1.458,5,5
D_03_075,sing,3.000,2.560,7,2
H_01_18,single,4.607,2.481,0,2
J_01_061,single_out,5.100,1.560,0,3
E_02_42,sink,2.406,3.467,7,3
G_03_65,siren,1.789,5.450,6,5
D_03_050,sister,5.385,1.208,6,1
D_03_034,sit,5.615,3.560,7,3
H_03_66,situation,4.857,1.333,0,3
G_03_34,six,5.074,2.550,1,2
C_01_090,skate,2.800,2.433,7,5
C_02_052,skateboarding,1.893,4.630,7,3
K_01_079,SKATEBOARDING_2,0,0,0,0
K_02_110,SKATEBOARDING_3,0,0,0,0
D_02_027,ski,3.148,1.161,6,5
K_03_033,SKI-CA,0,0,0,0
G_02_38,skill,5.704,1.688,2,3
F_01_91,skin,4.923,4.242,6,2
A_01_046,skirt,3.567,5.256,6,5
G_01_32,skunk,3.280,2.345,6,2
E_03_94,slave,2.833,3.063,6,5
F_01_10,sled_1,2.056,2.576,6,1
G_02_27,sled_2,2.000,2.031,6,5
B_03_037,sleep,6.600,4.833,7,2
J_01_035,slice,3.346,5.480,0,3
K_01_028,SLICE_2,0,0,0,0
K_02_057,SLICE_3,0,0,0,0
K_03_067,SLICE_4,0,0,0,0
F_01_100,slide,3.192,6.030,7,2
K_01_058,SLIDE_2,0,0,0,0
F_02_69,slingshot,1.714,4.226,6,6
J_02_030,slip,3.276,4.500,0,1
K_02_033,SLIP_2,0,0,0,0
E_01_62,slipper,3.057,3.480,6,3
B_02_041,slow,4.640,2.033,2,1
D_01_030,small,5.000,4.083,2,5
D_02_075,smart,5.222,3.903,2,2
E_02_49,smell,5.406,5.133,6,2
F_03_26,smell_money,2.731,5.333,7,2
D_01_031,smile,4.074,6.636,6,5
K_03_023,SMILE_2,0,0,0,0
H_01_46,smoke(fire),3.111,3.929,0,3
C_03_087,smoking,3.433,6.806,7,2
H_02_101,smooth,4.750,2.250,0,5
G_01_67,snail,1.765,4.069,6,3
A_01_043,snake,3.400,4.526,6,2
F_02_17,snap,4.692,6.645,7,2
K_01_080,SNAP_STICK,0,0,0,0
F_01_57,sneak_adventure,4.704,3.485,7,3
C_03_066,sneeze,2.533,6.806,7,2
K_02_023,SNEEZE_2,0,0,0,0
B_03_042,snob,3.920,3.967,6,2
E_01_102,snorkel,0.000,4.520,7,2
A_01_057,snow,3.097,4.053,6,2
K_03_081,SNOW_2,0,0,0,0
K_01_025,SNOWBOARD,0,0,0,0
G_03_73,snowman,2.692,1.300,6,5
E_03_5,snowsuit,2.000,2.455,6,5
G_01_69,so,5.630,2.633,5,2
A_01_084,soap,5.097,2.457,6,3
E_03_78,soap_2,2.048,4.161,7,2
A_03_004,soccer,3.800,1.762,6,1
F_03_32,soccer_2,4.346,3.545,7,3
H_03_30,social,5.286,2.542,0,5
H_01_21,socialize,3.348,3.778,0,5
H_01_2,society,3.630,2.222,0,5
A_03_033,socks,5.120,1.524,6,5
C_03_030,soda,4.533,2.361,6,3
G_03_6,sofa,3.963,1.800,6,5
E_03_13,soft,4.467,2.719,2,5
G_01_30,softball,4.741,4.448,6,5
B_01_020,some,5.625,2.259,5,1
J_02_012,somersault,3.034,5.500,0,5
K_02_118,SOMERSAULT_2,0,0,0,0
K_03_064,SOMERSAULT_3,0,0,0,0
G_01_9,something,6.000,2.167,5,2
E_02_38,sometimes,5.813,2.133,5,3
B_02_086,son,4.880,2.200,6,2
G_01_4,soon,6.259,1.833,2,2
J_02_098,soon_2(h),6.767,1.458,0,2
H_03_23,soon_3,3.963,1.458,0,2
G_02_83,sophisticated,4.370,2.355,2,2
J_01_107,sophomore,3.241,1.400,0,3
C_01_020,sorry,5.633,3.633,2,2
H_02_96,sound,4.679,5.625,0,2
A_01_039,soup,4.548,5.333,6,3
F_03_60,sour,3.926,3.094,2,2
C_02_029,south,4.000,1.222,6,2
H_01_75,sow,3.704,2.250,0,2
H_03_93,space,4.741,1.417,0,3
J_03_074,spaceship,1.250,1.182,0,2
A_01_042,spaghetti,3.935,2.718,6,5
G_01_94,spain,3.333,1.700,6,2
B_01_076,speakers,2.250,4.654,6,5
H_01_68,special_1,3.500,1.880,0,3
J_02_020,special_2(f),5.100,2.250,0,4
H_01_38,specialist,4.250,1.800,0,1
E_02_91,specific,4.406,2.500,2,1
E_01_17,spend,3.371,1.577,7,5
E_02_83,spend_lots_of_money,3.645,2.310,7,5
J_03_036,spicy,4.310,3.182,0,2
D_03_067,spider,3.192,5.792,6,5
G_01_37,spill,4.148,4.107,7,5
K_01_064,SPILL_2,0,0,0,0
J_02_085,spin(weave),1.100,4.750,0,5
F_02_30,spit_out,3.630,5.133,7,2
K_02_037,SPLASH-CA,0,0,0,0
E_02_24,spontaneous,4.500,2.700,2,5
A_02_037,spoon,3.440,3.267,6,1
C_03_035,sports,4.333,1.364,6,5
G_01_2,spot_something,3.680,4.233,7,2
G_03_12,spread,4.889,5.900,7,5
K_03_080,SPREAD_2,0,0,0,0
K_01_083,SPREAD_3,0,0,0,0
E_03_74,spring,4.400,3.226,6,3
J_01_060,square,4.100,6.600,0,5
J_01_062,square_idiot,5.100,1.680,0,2
H_03_19,squeeze,2.000,3.792,0,2
C_03_020,squirrel,2.800,2.917,6,1
E_02_16,sshh,4.438,6.774,7,2
J_01_096,stack,2.476,5.720,0,3
K_02_102,STACK_2,0,0,0,0
K_03_069,STACK_3,0,0,0,0
K_01_019,STACK_4,0,0,0,0
G_01_86,stadium,2.120,2.000,6,5
C_01_071,staff,3.967,1.333,6,2
A_03_048,stairs,5.400,3.810,6,2
C_03_063,stamp,2.762,3.086,6,1
G_02_98,stamp_1,6.815,6.258,7,3
F_03_93,stamp_2,4.963,2.813,7,3
E_02_11,stand,5.219,4.967,7,3
K_02_081,STAND_2,0,0,0,0
J_03_070,stand_up,5.241,3.909,0,3
G_02_5,stapler,3.222,6.000,7,2
A_03_087,star,5.083,2.476,6,5
B_03_010,starbucks,5.320,1.100,4,5
G_01_34,stare,4.630,4.966,7,2
A_01_047,stars,4.323,3.579,6,5
B_01_011,start,5.760,3.871,7,3
F_01_86,state,1.917,1.594,6,3
F_02_50,stay,5.815,4.000,7,5
J_02_060,stay_awake_24hrs,3.733,2.500,0,5
D_02_041,steak,2.261,1.548,6,3
C_02_019,steal,3.067,2.704,7,2
J_01_011,steam,2.087,4.080,0,5
E_01_70,step,4.114,5.320,7,1
D_03_028,stethoscope,1.333,4.458,6,5
K_03_086,STETHOSCOPE_2,0,0,0,0
K_01_075,STETHOSCOPE_3,0,0,0,0
K_02_031,STETHOSCOPE_4,0,0,0,0
F_02_89,sticky,4.630,5.419,2,5
G_02_85,still,5.667,2.067,3,5
H_02_35,stimulate,4.143,2.000,0,3
H_03_22,sting,2.889,5.500,0,3
H_01_64,stink,4.214,6.852,0,2
D_03_055,stir,3.423,6.739,7,3
E_01_61,stockings,1.773,2.800,6,5
C_03_054,stomach,3.586,5.972,6,2
D_01_010,stop,5.704,3.595,7,1
F_01_67,stopwatch,2.333,5.156,6,2
E_01_15,story,4.714,1.346,6,5
J_01_007,story_2(b),4.933,1.760,0,5
H_03_7,story_3,4.571,1.333,0,5
E_01_81,straight,5.571,6.160,2,2
K_03_045,STRAIN_1,0,0,0,0
K_01_076,STRAIN_2,0,0,0,0
C_03_018,strange,5.000,1.833,2,2
J_01_093,strangle,2.714,5.440,0,5
G_01_92,straw,3.462,5.258,6,6
A_01_068,strawberry,2.524,1.595,6,2
K_02_017,STRAWBERRY_2,0,0,0,0
K_03_100,STRAWBERRY_3,0,0,0,0
K_01_009,STRAWBERRY_4,0,0,0,0
A_01_062,street,5.290,4.368,6,5
B_02_075,stress,5.125,1.600,6,4
K_03_126,STRETCH,0,0,0,0
K_02_108,STRETCH,0,0,0,0
K_03_078,STRETCH-CA,0,0,0,0
C_01_047,strict,3.800,1.800,2,2
F_03_54,string,4.259,4.844,6,5
H_01_85,stripe,3.429,4.593,0,2
G_03_27,strong,4.926,6.550,2,5
H_01_35,structure,4.250,1.857,0,5
H_03_102,struggle,5.000,2.250,0,5
B_03_086,stubborn,4.640,2.367,2,2
E_01_19,stuck,5.543,3.077,2,2
A_02_012,student,4.704,1.900,6,3
G_01_90,study,5.444,1.724,7,3
J_02_079,stumble,2.481,3.833,0,5
C_01_058,stupid_1,4.100,3.767,2,2
C_02_047,stupid_2,4.633,4.161,2,2
H_02_55,submit,0.000,3.708,0,2
B_02_027,subtract,3.960,3.300,7,3
F_01_12,suck,3.240,4.063,7,2
K_01_006,SUCK_THUMB,0,0,0,0
G_01_103,suit,4.593,2.367,6,5
D_03_041,summarize,4.538,3.040,7,5
B_02_037,summer,4.958,1.433,6,2
K_02_075,SUMMON,0,0,0,0
C_02_003,sun,4.633,4.593,6,2
H_02_13,sunbathe,3.100,2.667,0,2
K_03_034,SUNBATHE_2,0,0,0,0
J_02_001,sunday_2(8),1.000,1.542,0,1
H_03_89,sunrise,3.893,5.458,0,2
B_02_087,sunset,3.440,4.300,6,2
J_02_065,superior,4.133,3.083,0,1
J_01_018,supervise,4.467,1.520,0,5
J_02_010,supervisor,3.967,1.500,0,5
G_01_52,support_1,5.963,2.000,6,1
F_03_66,support_2,4.769,4.194,7,5
C_03_044,sure,5.400,2.914,2,2
A_01_048,surf,3.032,2.923,7,3
A_02_007,surgeon,3.148,1.467,6,3
H_03_46,surgery,4.071,3.958,0,3
B_01_013,surprise,4.583,4.481,6,5
D_03_092,sushi,4.269,1.320,6,3
C_03_012,suspect,3.967,3.222,6,2
H_01_16,suspend,4.357,3.000,0,5
E_03_77,suspenders_1,2.143,3.969,6,5
E_01_28,suspenders_2,2.286,4.440,7,5
B_02_019,swallow,3.760,5.567,7,2
J_02_016,swear_in,2.800,6.625,0,1
H_02_51,sweat,4.036,4.130,0,2
D_02_092,sweater,3.654,2.516,6,5
K_01_008,SWEATER_2,0,0,0,0
K_02_090,SWEATER_3,0,0,0,0
F_02_42,sweatpants,1.714,2.400,6,5
E_01_18,sweatshirt,1.800,2.654,6,5
D_01_086,sweep,3.259,4.600,7,1
J_03_029,sweet,5.310,2.136,0,2
H_02_5,sweetheart,3.556,3.000,0,5
E_03_53,swim,4.200,4.033,7,5
K_03_106,SWIM_2,0,0,0,0
A_02_018,swing,1.800,6.290,7,2
F_02_85,swing_2,3.815,5.645,7,5
F_01_9,switzerland,2.231,2.667,6,2
E_03_101,sword,2.033,5.875,6,2
D_01_090,sympathy,4.222,2.233,6,5
H_01_61,system,4.643,2.080,0,5
A_03_025,table,6.000,4.238,6,2
K_02_126,TABLET,0,0,0,0
D_01_083,tail,1.875,4.833,6,2
K_01_089,TAIL_2,0,0,0,0
G_01_93,take,5.037,5.323,7,2
F_03_71,take_care,5.444,2.091,7,5
F_03_94,take_notes,4.815,3.938,7,3
H_03_50,take_off,0.000,2.542,0,1
F_01_20,take_off,4.640,5.545,7,3
F_01_45,take_pill,3.217,3.970,7,2
C_01_008,talk,5.333,2.800,7,2
H_01_23,talk_2,3.038,6.704,0,2
H_02_46,talk_dirty,0.000,1.565,0,3
B_03_024,tall_1,4.840,4.379,2,3
B_01_030,tall_2,5.000,5.519,2,2
F_02_72,tan,4.222,1.903,2,2
E_01_9,tanktop_1,3.719,3.615,6,5
G_01_17,tape,2.955,3.100,6,1
J_01_081,taste,5.867,4.240,0,2
A_02_052,tea,4.556,4.433,6,3
D_02_052,teach,4.609,1.452,7,5
K_02_055,TEACH_2,0,0,0,0
A_02_033,teacher,6.074,1.433,6,5
E_01_71,team,5.714,1.880,6,5
C_02_016,tear,2.967,6.889,7,2
G_03_9,tear_rip,4.185,6.600,7,5
K_03_050,TEAR_RIP_2,0,0,0,0
D_02_090,tease,5.556,1.800,7,1
E_03_17,technology,6.200,1.219,6,3
H_02_39,teenager,3.750,1.174,0,2
D_01_040,teeth,4.519,6.667,6,2
A_02_040,telephone,5.481,7.000,6,2
C_02_013,tell,5.933,5.667,7,2
F_02_97,temper_blow_up,4.333,1.774,7,2
G_03_67,temporary,5.115,1.500,2,1
C_01_082,temptation,3.552,1.267,6,2
G_03_32,tend_your,5.259,1.750,7,2
G_03_89,tendency,0.000,2.045,6,5
A_01_053,tennis,2.387,5.000,6,2
E_02_12,tent,3.813,3.467,6,5
D_01_060,test,4.741,1.529,6,5
B_03_054,text,5.435,3.967,7,5
F_02_2,than,2.474,1.355,5,1
H_02_53,thank_you,6.571,5.130,0,2
D_01_047,thanksgiving,2.481,1.429,6,2
C_03_059,that,5.500,3.000,5,2
D_01_052,theater,3.963,1.657,6,5
F_01_31,then,4.444,2.545,5,3
J_03_042,theory_1(t),3.379,2.818,0,2
J_02_031,theory_2,1.000,0,0,2
H_03_88,therapy,3.893,1.375,0,3
D_02_060,there,5.963,6.258,3,2
D_02_012,thermometer,4.577,2.645,6,1
G_03_95,these,4.720,3.773,5,2
E_01_44,they,5.114,3.760,5,2
B_03_019,thief_1,1.588,1.500,6,2
B_01_087,thief_2,3.680,1.519,7,2
C_02_002,thin,3.333,1.704,2,5
B_03_043,things,4.840,2.300,6,2
C_03_053,think,5.867,6.583,7,2
K_03_120,THINK_CHIN,0,0,0,0
F_02_87,think_connect,4.259,3.226,7,2
G_02_15,think_expand,5.259,4.063,7,2
G_03_79,think_obsess,4.692,1.950,7,2
D_02_054,think_over,2.731,4.633,7,2
G_01_39,think_penetrate,4.481,3.759,7,2
J_01_090,think_penetrate,3.579,2.880,0,2
K_01_120,THINK_PONDER.m4v,0,0,0,0
G_01_45,think_smart,4.296,3.100,7,2
F_02_88,third_1,4.481,4.065,1,2
J_02_072,third_2,4.400,3.375,0,2
C_03_071,thirsty,5.300,4.139,2,2
F_01_35,this/it,6.519,5.394,5,2
F_02_103,those,4.889,4.903,5,2
G_01_51,thought_disappear,5.148,3.393,7,2
B_01_044,three,6.080,6.667,1,2
G_02_70,thrilled,6.000,2.613,2,5
C_03_081,throw,3.600,5.514,7,2
K_01_068,THROW_2,0,0,0,0
E_02_70,throw_away,4.250,5.667,7,2
F_03_15,thunder,4.000,3.606,6,1
B_02_045,thursday,5.042,1.100,4,2
E_02_29,ticket,5.000,2.448,6,3
H_01_73,tickle,2.000,5.370,0,5
A_01_013,tie,2.143,4.577,6,2
K_02_029,TIE_2,0,0,0,0
K_03_035,TIE_UP_1,0,0,0,0
K_01_043,TIE_UP_2,0,0,0,0
A_01_050,tiger,3.097,3.711,6,5
B_02_080,time,6.375,6.700,6,2
H_02_61,time_progress,4.500,3.391,0,1
J_01_020,time_to_time,5.167,2.880,0,2
K_02_063,TIMEOUT,0,0,0,0
K_03_019,tiny,0,0,0,0
J_03_006,tiny,2.577,4.091,0,5
D_02_050,tired,6.538,3.806,2,5
G_01_43,tired_of,5.815,0,3,2
G_02_32,tissue,5.000,4.469,6,2
E_03_86,to,4.400,2.750,5,1
F_01_26,to_a_goal,5.037,2.970,3,2
D_02_080,toast,4.185,1.387,6,3
A_02_049,tobacco,2.370,1.767,6,2
E_02_6,today,6.406,2.100,6,5
G_01_97,together,4.615,4.767,6,5
A_02_038,toilet,5.963,1.533,6,2
D_02_087,tomato,4.926,1.133,6,2
F_02_40,tomorrow,6.346,1.516,6,2
G_03_57,tongue,2.000,4.227,6,2
E_02_15,too_much,5.063,4.267,2,5
D_03_073,toothbrush,5.269,6.304,6,2
K_03_058,TOOTHBRUSH-CA,0,0,0,0
H_01_65,top,4.393,4.760,0,1
H_01_103,topic,4.786,2.680,0,5
A_02_047,tornado,1.815,2.533,6,5
J_03_009,toss,2.667,5.409,0,2
H_02_37,toss_out,4.148,5.391,0,5
H_01_71,total,4.250,3.444,0,5
G_03_63,touch,5.346,6.238,7,3
H_03_10,tough,5.000,1.833,0,1
B_03_031,tournament,3.960,1.667,6,5
H_01_86,tow,1.923,5.259,0,1
K_01_098,TOW_2,0,0,0,0
K_02_010,TOW_3,0,0,0,0
F_01_7,towel,4.148,5.273,6,5
E_01_64,toy,6.029,1.600,6,5
J_01_056,toy_2,2.783,1.400,0,2
H_03_070,TOY_3,4.286,1.667,0,5
H_01_42,tractor,2.579,4.704,0,5
J_03_023,tradition,3.897,1.227,0,5
B_01_043,traffic,4.000,1.926,6,5
B_03_003,train,4.600,1.400,6,1
J_01_032,train_2(practice),3.931,1.760,0,3
J_03_028,transfer,4.552,2.000,0,2
J_01_082,transgender,4.267,1.240,0,2
D_01_080,translate,4.296,2.486,7,5
A_01_035,trash,4.871,1.444,6,2
B_02_089,travel,4.640,2.100,7,2
A_01_002,tree,5.143,4.280,6,2
J_02_080,triangle,3.067,6.792,0,2
K_03_111,TRIM_1,0,0,0,0
K_01_062,TRIM_2,0,0,0,0
K_02_020,TRIP_1,0,0,0,0
K_03_102,TRIP_2,0,0,0,0
J_02_077,triple,3.800,2.708,0,3
D_02_086,trophy,3.000,1.581,6,5
B_03_048,trouble,4.760,2.300,6,5
G_03_7,truck,2.588,1.550,6,5
J_02_070,truck_2(c),3.483,2.208,0,5
D_03_038,TRUE,5.462,2.160,2,2
E_03_68,true_business,5.033,1.677,2,2
E_03_15,truth,5.233,1.750,6,1
B_02_034,TRY,3.542,1.633,7,5
G_01_35,tty,2.333,3.069,6,2
G_03_42,tube,3.192,5.450,6,5
E_01_67,tube_top,4.200,5.320,6,5
J_03_087,tuesday,5.552,1.318,0,2
F_03_90,turban,2.000,5.750,6,2
A_02_078,TURKEY,2.500,1.967,6,2
K_01_036,TURKEY_2,0,0,0,0
J_01_065,"turn(take_turn,alternate)",4.700,3.200,0,2
J_02_086,turn_around,2.414,6.583,0,2
E_01_56,turn_key,3.914,6.440,7,2
A_02_009,TURTLE,3.630,3.733,6,3
C_02_038,TV,6.067,2.481,6,2
F_01_32,twin,3.400,2.273,6,2
J_02_089,twins_2(t),3.040,1.375,0,2
J_01_102,twirl,3.367,6.160,0,5
C_02_005,TWO,5.286,6.963,1,2
G_01_21,two_more,2.783,4.500,1,2
H_02_90,two_of_us,5.357,3.435,0,2
J_03_066,two_weeks,4.724,2.727,0,3
B_01_056,TYPE,4.520,1.222,6,5
F_03_59,type_keyboard,4.296,6.406,7,5
F_02_84,udder,2.435,5.484,6,5
C_01_019,UGLY,4.100,3.633,2,2
A_02_022,UMBRELLA,3.556,3.933,6,1
H_03_82,unaware,4.500,2.375,0,2
H_02_20,uncertain(ambivalent),4.393,3.826,0,5
D_02_011,UNCLE,4.407,1.032,6,2
E_02_87,under,4.406,3.968,5,3
J_03_079,undergraduate,3.630,1.545,0,3
C_01_006,UNDERSTAND,6.100,4.633,7,2
A_03_023,UNDERWEAR,3.080,5.714,6,5
K_02_112,UNDERWEAR_2,0,0,0,0
F_02_31,unicorn,2.926,6.200,6,2
J_02_003,union_station,1.714,1.958,0,5
F_01_15,unique,5.370,1.727,2,3
K_01_127,UNIVERSE,0,0,0,0
C_02_063,UNIVERSITY,5.333,1.444,6,3
H_02_18,until,3.643,2.130,0,1
E_01_69,up,4.344,6.840,5,2
C_01_028,UPLOAD,3.500,3.433,7,5
F_01_75,upset,4.815,2.848,2,2
H_03_47,upset_2,4.607,1.833,0,2
H_03_55,us,3.071,2.458,0,2
D_03_043,USE,5.346,1.667,7,1
B_03_016,VACATION,4.920,1.167,6,5
D_03_084,VACUUM,3.692,4.520,7,2
F_02_65,vagina,4.000,2.871,6,5
G_02_17,vain,2.652,2.125,2,5
H_03_51,validate,3.107,3.917,0,3
G_02_90,valley,3.630,5.152,6,5
H_03_85,value,3.714,1.583,0,5
K_03_123,VAMPIRE,0,0,0,0
F_01_22,vanilla(adddisambig.mouthing),2.870,1.606,6,2
H_02_98,vanish,6.667,3.348,0,5
E_02_28,vase,1.579,3.000,6,5
C_01_018,VEGETABLE,4.931,1.200,6,2
A_03_005,VERB,2.522,2.190,6,2
G_02_101,very,4.667,2.250,5,5
G_02_39,very_interested,4.120,2.903,7,5
J_03_050,vest,2.885,4.545,0,5
J_02_035,vibrate,3.276,4.917,0,5
B_03_006,VIDEOCAMERA,4.560,1.567,6,3
K_03_011,videocamera_2,0,0,0,0
J_01_104,videocamera_2(eye),1.400,2.360,0,2
H_01_91,videogame,5.607,5.407,0,5
B_01_039,VIDEOPHONE,5.800,1.593,6,5
E_02_61,view,4.594,3.571,7,2
K_01_121,VILLAGE,0,0,0,0
A_03_083,VIOLIN,1.720,7.000,6,2
J_01_025,vision,5.000,4.640,0,5
H_03_80,visit,5.071,2.000,0,5
J_01_097,visitor,4.300,1.760,0,5
H_01_27,visualize,4.893,4.964,0,5
E_01_43,vitamins(withdisambig.mouthing),3.406,1.560,6,2
J_03_027,vlog,5.103,1.273,0,5
H_01_82,vocabulary,3.714,2.107,0,3
C_03_061,VOICE,4.333,4.800,6,2
A_02_006,VOLLEYBALL,3.111,3.567,6,5
H_02_62,volunteer,4.786,1.565,0,2
D_02_072,VOMIT,3.444,6.419,7,5
B_02_040,VOTE,3.760,3.000,6,3
G_02_89,W.H.A.T,6.222,4.733,5,2
H_01_36,wade,3.393,3.333,0,5
K_03_024,WADE_2,0,0,0,0
B_02_016,WAIT,5.880,2.000,7,5
A_01_061,WAITER,4.484,1.568,6,5
D_02_057,WALK,6.111,4.806,7,5
K_01_024,WALK-TIGHTROPE-CL,0,0,0,0
J_03_067,walk_2,5.759,4.909,0,2
G_01_102,walk_backwards,4.148,4.258,7,5
E_01_89,wall,4.686,5.231,6,5
F_01_81,wallet,2.962,3.625,6,5
J_03_047,wallet_2,2.308,4.091,0,5
E_02_78,walrus,1.731,3.533,6,5
E_03_16,wand,2.100,4.844,6,2
A_01_019,WANDER,3.548,3.487,7,2
C_03_013,WANT,5.900,4.583,7,5
E_01_25,want_2,6.771,3.231,7,5
B_03_075,WAR,3.680,2.433,6,5
B_02_047,WARM,4.400,1.367,2,2
B_01_033,WARN,5.360,2.444,7,1
E_01_33,wash,5.800,5.692,7,5
K_02_024,WASH_3,0,0,0,0
F_01_70,wash_dishes,5.111,5.375,7,3
G_01_11,wash_face,4.296,6.300,7,5
J_01_078,wash_face_2(b),3.586,6.800,0,5
F_01_56,wash_hands,4.480,6.576,7,1
C_02_057,WASH_MACHINE,5.567,2.889,6,5
C_01_030,WASTE,3.724,2.300,7,3
G_02_78,watch,5.667,2.290,7,2
A_02_031,WATER,6.963,1.600,6,2
F_03_22,water_ski,2.852,1.515,7,2
H_01_19,waterdrop,2.280,3.375,0,2
A_03_079,WAVE,3.480,6.571,6,5
C_02_073,WAY,4.033,4.667,6,5
G_03_19,we,6.037,3.211,5,2
F_03_27,we_will_see,6.481,4.273,7,2
C_02_065,WEAK,3.967,2.481,2,3
B_02_032,WEAR,4.478,2.167,7,5
C_03_072,WEATHER,4.433,3.028,6,5
H_02_81,weave,1.429,3.696,0,5
D_03_015,WEDDING,4.615,1.682,6,5
B_03_056,WEDNESDAY,5.560,2.667,4,2
B_02_079,WEEK,6.040,1.600,6,3
H_01_9,weekend_2,2.708,1.926,0,3
D_03_077,WEIGH,4.654,2.560,7,6
E_02_37,weight,4.906,3.167,6,1
H_02_11,weird,4.250,2.043,0,2
J_02_054,welcome,4.233,2.542,0,2
D_01_009,WELL,5.000,4.206,3,5
D_03_053,WEST,4.154,2.720,6,2
B_02_065,WET,4.520,1.700,2,5
G_03_13,whale,3.000,3.350,6,2
D_02_084,WHAT_1,6.407,6.581,5,5
D_02_094,WHAT_2,3.815,0,5,3
C_02_054,WHAT_FOR,5.867,3.148,5,2
B_02_025,WHATEVER,3.880,2.000,3,5
H_03_69,wheel,3.857,5.000,0,5
F_03_70,wheelbarrow_1,2.000,4.813,6,5
G_01_46,wheelchair,4.667,3.500,6,5
C_03_086,WHEN,5.600,1.914,5,1
B_02_035,WHERE,6.240,1.700,5,2
B_01_088,WHICH,5.800,3.259,5,5
H_02_32,while,4.714,1.783,0,5
A_03_077,WHIP,2.696,6.381,7,2
H_03_75,whisper,4.321,4.250,0,2
A_02_046,WHISTLE,2.926,4.100,6,2
K_03_055,WHISTLE_3,0,0,0,0
E_03_46,white,4.667,1.167,2,2
J_02_043,white_person,4.600,2.000,0,2
C_01_041,WHO,6.233,3.367,5,2
J_02_049,whole,4.067,5.667,0,5
D_01_067,WHY,6.269,3.306,5,2
H_02_34,why_not,5.185,2.000,0,2
J_02_052,wide,3.448,6.417,0,5
D_03_025,WIFE,5.154,1.583,6,2
F_03_25,will,6.185,1.970,7,2
J_01_095,will_go,3.136,2.280,0,2
B_02_029,WIN,4.960,2.100,7,1
H_02_68,wind,4.714,4.870,0,5
A_02_048,WINDMILL,2.286,2.533,6,3
K_01_118,WINDMILL_2,0,0,0,0
K_02_051,WINDMILL_3,0,0,0,0
A_03_042,WINDOW,5.480,4.190,6,1
E_02_75,window_open,4.188,4.800,7,1
G_02_80,windy,4.654,6.059,2,5
D_01_015,WINE,5.333,1.176,6,2
D_03_094,WINK,3.000,5.750,7,2
E_03_22,winter,6.000,3.781,6,5
G_02_23,wise,4.926,2.419,2,2
C_01_053,WISH,4.867,2.700,6,2
A_03_018,WITCH,1.739,2.762,6,2
K_03_022,WITCH_2,0,0,0,0
C_02_074,WITH,5.033,4.593,5,5
H_03_21,without,4.643,2.833,0,5
A_01_049,WOLF,3.000,2.737,6,2
C_02_028,WOMAN,5.933,1.259,6,2
K_01_101,WOMAN_2,0,0,0,0
H_02_19,woman_2(nose)lady,3.444,1.435,0,2
B_02_076,WONDER,5.360,4.667,7,2
C_03_031,wood,4.200,3.278,6,1
E_03_75,word,5.207,1.548,6,3
B_03_059,work,6.739,1.733,7,1
E_02_92,work_out,5.563,4.613,7,5
J_02_055,workshop,4.300,1.833,0,1
B_03_023,world,5.320,2.500,6,1
B_03_014,WORM,2.125,4.600,6,3
C_02_015,WORRY,4.100,3.593,7,5
H_01_11,worse,4.222,1.815,0,5
F_01_2,wow,5.704,2.788,5,2
E_02_50,wrap,3.594,5.067,7,5
F_03_91,wrap_up,3.308,5.188,7,5
K_02_062,WRAP_UP_2,0,0,0,0
J_01_033,wrestle,3.467,3.120,0,5
H_01_29,wring,2.708,5.778,0,5
B_01_063,WRISTWATCH,3.840,5.704,6,2
K_03_044,WRISTWATCH_2,0,0,0,0
K_01_054,WRISTWATCH_3,0,0,0,0
D_01_051,WRITE,5.593,6.571,7,3
G_02_87,write_on_wall,3.385,5.719,7,2
B_01_055,WRONG_1,6.080,1.889,2,2
C_03_050,WRONG_2,5.667,1.389,2,2
F_02_79,yawn,5.963,6.871,7,2
K_02_048,YAWN_2,0,0,0,0
K_03_009,YAWN_3,0,0,0,0
K_01_110,YAWN_4,0,0,0,0
J_01_030,yay,6.067,6.440,0,5
D_01_058,YEAH,5.704,3.229,5,2
B_02_015,YEAR,5.440,1.267,6,5
D_01_020,YELLOW,4.481,1.000,2,2
G_03_74,Yes,6.885,2.800,5,2
D_01_024,YESTERDAY,5.889,1.086,3,2
D_02_065,you,6.889,6.839,5,2
D_03_013,YOUNG,4.962,1.375,2,2
J_03_041,youngster,2.625,1.364,0,5
F_01_52,your,6.222,2.576,5,2
E_02_81,yourself,5.250,2.828,5,3
H_03_16,yoyo,1.808,6.250,0,2
E_01_11,yucky_1,4.429,5.115,2,5
G_02_3,zebra,2.556,2.813,6,5
D_03_036,ZERO,4.192,6.565,1,2
D_01_034,ZIPPER,3.148,6.394,6,1
E_03_42,zoo,3.533,2.100,6,2
B_02_056,ZOOM_IN,3.958,4.667,7,5
D_01_057,ZOOM_OFF,4.333,3.742,7,3
